order_id,customer_id,restaurant_name,cuisine_type,order_date,location,cost_of_the_order,rating,food_preparation_time,delivery_time,day_type,total_delivery_time
FD10090,C1090,Pizza Point,Italian,2025-01-01,Chennai,485.62,3.7,20,33,Weekday,53
FD10230,C1230,Spice Hub,Indian,2025-01-01,Pune,417.92,4.1,10,41,Weekday,51
FD10043,C1043,Punjabi Zaika,North Indian,2025-01-01,Mumbai,335.75,4.0,27,24,Weekday,51
FD10806,C1106,Spice Hub,Indian,2025-01-01,Pune,197.73,3.7,33,31,Weekday,64
FD10284,C1284,South Express,South Indian,2025-01-01,Mumbai,437.34,4.0,17,30,Weekday,47
FD10299,C1299,Punjabi Zaika,North Indian,2025-01-01,Bangalore,1200.0,3.9,33,20,Weekday,53
FD10222,C1222,Spice Hub,Indian,2025-01-01,Pune,533.56,5.0,35,38,Weekday,73
FD10363,C1013,Spice Hub,Indian,2025-01-02,Pune,298.28,4.6,35,27,Weekday,62
FD10726,C1026,Wok & Roll,Chinese,2025-01-02,Delhi,411.03,3.6,22,25,Weekday,47
FD10889,C1189,The Biryani House,Biryani,2025-01-02,Pune,756.98,3.9,24,30,Weekday,54
FD10936,C1236,Burger Town,Fast Food,2025-01-03,Delhi,703.76,3.0,30,21,Weekday,51
FD10622,C1272,Sweet Treats,Desserts,2025-01-03,Pune,677.07,5.0,15,34,Weekday,49
FD10053,C1053,Punjabi Zaika,North Indian,2025-01-03,Mumbai,955.21,4.0,29,37,Weekday,66
FD10641,C1291,Wok & Roll,Chinese,2025-01-03,Pune,334.51,4.0,29,33,Weekday,62
FD10579,C1229,Green Bowl,Healthy,2025-01-03,Bangalore,586.91,4.4,32,22,Weekday,54
FD10780,C1080,Cafe Aroma,Cafe,2025-01-04,Pune,774.05,3.4,28,24,Weekend,52
FD10546,C1196,Spice Hub,Indian,2025-01-04,Pune,417.16,3.7,21,29,Weekend,50
FD10395,C1045,Wok & Roll,Chinese,2025-01-04,Delhi,474.3,3.6,26,36,Weekend,62
FD10019,C1019,Pizza Point,Italian,2025-01-04,Mumbai,800.15,4.6,17,30,Weekend,47
FD10002,C1002,The Biryani House,Biryani,2025-01-04,Mumbai,307.72,3.0,22,27,Weekend,49
FD10979,C1279,Sweet Treats,Desserts,2025-01-04,Bangalore,276.54,4.2,17,28,Weekend,45
FD10609,C1259,Sweet Treats,Desserts,2025-01-04,Hyderabad,1067.31,4.6,13,27,Weekend,40
FD10156,C1156,The Biryani House,Biryani,2025-01-05,Pune,404.97,3.8,19,17,Weekend,36
FD10372,C1022,Burger Town,Fast Food,2025-01-05,Bangalore,503.54,4.4,23,30,Weekend,53
FD10170,C1170,Punjabi Zaika,North Indian,2025-01-05,Chennai,465.69,4.1,24,41,Weekend,65
FD10058,C1058,Green Bowl,Healthy,2025-01-05,Mumbai,485.03,4.3,21,23,Weekend,44
FD10625,C1275,Wok & Roll,Chinese,2025-01-05,Pune,644.14,4.5,31,29,Weekend,60
FD10105,C1105,Spice Hub,Indian,2025-01-05,Mumbai,887.7,4.3,14,47,Weekend,61
FD10626,C1276,Pizza Point,Italian,2025-01-05,Bangalore,399.6,4.7,25,33,Weekend,58
FD10664,C1314,Cafe Aroma,Cafe,2025-01-05,Bangalore,665.91,4.2,31,30,Weekend,61
FD10913,C1213,Spice Hub,Indian,2025-01-06,Bangalore,1140.5,4.0,12,34,Weekday,46
FD10803,C1103,Green Bowl,Healthy,2025-01-06,Mumbai,324.59,3.1,35,31,Weekday,66
FD10624,C1274,The Biryani House,Biryani,2025-01-06,Pune,568.71,3.4,11,35,Weekday,46
FD10016,C1016,Burger Town,Fast Food,2025-01-06,Chennai,622.78,4.7,26,28,Weekday,54
FD10996,C1296,Cafe Aroma,Cafe,2025-01-06,Pune,586.17,4.2,28,38,Weekday,66
FD10691,C1341,Spice Hub,Indian,2025-01-06,Pune,260.51,3.9,23,47,Weekday,70
FD10928,C1228,Spice Hub,Indian,2025-01-07,Pune,344.84,3.8,22,48,Weekday,70
FD10520,C1170,Green Bowl,Healthy,2025-01-07,Mumbai,583.75,3.7,19,25,Weekday,44
FD10350,C1350,Wok & Roll,Chinese,2025-01-07,Pune,429.34,3.7,33,21,Weekday,54
FD10352,C1002,Food Junction,Indian,2025-01-07,Chennai,773.13,3.7,15,33,Weekday,48
FD10767,C1067,Wok & Roll,Chinese,2025-01-07,Pune,651.79,3.9,17,19,Weekday,36
FD10710,C1010,Pizza Point,Italian,2025-01-07,Mumbai,966.41,4.1,24,38,Weekday,62
FD10310,C1310,Wok & Roll,Chinese,2025-01-08,Chennai,401.05,5.0,14,33,Weekday,47
FD10496,C1146,Cafe Aroma,Cafe,2025-01-08,Delhi,1200.0,4.1,18,33,Weekday,51
FD10826,C1126,Food Junction,Indian,2025-01-08,Bangalore,301.19,4.4,25,40,Weekday,65
FD10336,C1336,Urban Tadka,Indian,2025-01-08,Delhi,625.74,3.4,25,33,Weekday,58
FD10919,C1219,Punjabi Zaika,North Indian,2025-01-08,Mumbai,892.81,4.9,22,28,Weekday,50
FD10326,C1326,Punjabi Zaika,North Indian,2025-01-08,Bangalore,313.04,3.6,17,34,Weekday,51
FD10661,C1311,Urban Tadka,Indian,2025-01-09,Mumbai,837.08,4.3,32,37,Weekday,69
FD10912,C1212,Food Junction,Indian,2025-01-09,Delhi,1200.0,4.5,10,31,Weekday,41
FD10390,C1040,Burger Town,Fast Food,2025-01-09,Chennai,625.77,4.1,35,38,Weekday,73
FD10630,C1280,Punjabi Zaika,North Indian,2025-01-09,Mumbai,563.34,4.9,13,27,Weekday,40
FD10072,C1072,The Biryani House,Biryani,2025-01-09,Chennai,708.02,3.7,11,54,Weekday,65
FD10846,C1146,Food Junction,Indian,2025-01-09,Pune,403.13,5.0,26,18,Weekday,44
FD10155,C1155,Spice Hub,Indian,2025-01-10,Pune,303.38,4.4,10,39,Weekday,49
FD10057,C1057,Punjabi Zaika,North Indian,2025-01-10,Mumbai,265.21,4.8,19,20,Weekday,39
FD10316,C1316,The Biryani House,Biryani,2025-01-10,Pune,541.63,4.3,31,21,Weekday,52
FD10571,C1221,Food Junction,Indian,2025-01-10,Bangalore,1077.11,3.7,16,47,Weekday,63
FD10510,C1160,Pizza Point,Italian,2025-01-10,Pune,435.38,3.7,24,43,Weekday,67
FD10447,C1097,Sweet Treats,Desserts,2025-01-11,Delhi,232.07,4.7,20,33,Weekend,53
FD10098,C1098,Sweet Treats,Desserts,2025-01-11,Bangalore,678.71,4.0,17,16,Weekend,33
FD10367,C1017,Cafe Aroma,Cafe,2025-01-11,Pune,737.59,4.8,27,32,Weekend,59
FD10604,C1254,Cafe Aroma,Cafe,2025-01-11,Pune,410.11,3.8,22,15,Weekend,37
FD10865,C1165,Burger Town,Fast Food,2025-01-11,Mumbai,324.8,4.2,23,16,Weekend,39
FD10220,C1220,Spice Hub,Indian,2025-01-11,Pune,642.59,4.5,11,22,Weekend,33
FD10187,C1187,Wok & Roll,Chinese,2025-01-11,Delhi,784.67,4.9,29,19,Weekend,48
FD10652,C1302,Green Bowl,Healthy,2025-01-11,Bangalore,400.85,3.8,24,29,Weekend,53
FD10445,C1095,Burger Town,Fast Food,2025-01-11,Bangalore,700.57,4.1,16,26,Weekend,42
FD10871,C1171,Burger Town,Fast Food,2025-01-11,Bangalore,779.72,4.9,12,31,Weekend,43
FD10943,C1243,Urban Tadka,Indian,2025-01-12,Bangalore,516.42,4.4,17,20,Weekend,37
FD10941,C1241,Urban Tadka,Indian,2025-01-12,Hyderabad,644.16,4.7,17,30,Weekend,47
FD10482,C1132,Cafe Aroma,Cafe,2025-01-12,Pune,453.63,3.9,31,34,Weekend,65
FD10492,C1142,Sweet Treats,Desserts,2025-01-12,Pune,623.08,4.7,20,19,Weekend,39
FD10728,C1028,Green Bowl,Healthy,2025-01-12,Hyderabad,519.47,4.9,21,33,Weekend,54
FD10426,C1076,Food Junction,Indian,2025-01-12,Chennai,191.11,4.2,16,17,Weekend,33
FD10816,C1116,Sweet Treats,Desserts,2025-01-12,Chennai,670.47,3.9,34,23,Weekend,57
FD10502,C1152,Pizza Point,Italian,2025-01-12,Pune,523.78,4.2,26,23,Weekend,49
FD10753,C1053,Spice Hub,Indian,2025-01-12,Pune,372.22,4.1,25,25,Weekend,50
FD10559,C1209,Green Bowl,Healthy,2025-01-13,Pune,871.69,3.9,25,28,Weekday,53
FD10643,C1293,Sweet Treats,Desserts,2025-01-13,Bangalore,370.72,3.9,13,44,Weekday,57
FD10701,C1001,Pizza Point,Italian,2025-01-13,Mumbai,871.59,4.1,16,39,Weekday,55
FD10063,C1063,Sweet Treats,Desserts,2025-01-13,Hyderabad,452.3,3.8,34,23,Weekday,57
FD10730,C1030,Cafe Aroma,Cafe,2025-01-13,Mumbai,698.47,4.1,19,32,Weekday,51
FD10532,C1182,Wok & Roll,Chinese,2025-01-14,Pune,576.58,3.8,25,26,Weekday,51
FD10517,C1167,Food Junction,Indian,2025-01-14,Mumbai,611.36,4.0,25,25,Weekday,50
FD10120,C1120,Green Bowl,Healthy,2025-01-14,Bangalore,731.14,3.5,17,15,Weekday,32
FD10761,C1061,Pizza Point,Italian,2025-01-14,Chennai,258.3,4.1,25,31,Weekday,56
FD10389,C1039,Burger Town,Fast Food,2025-01-14,Pune,565.7,4.1,12,45,Weekday,57
FD10100,C1100,Spice Hub,Indian,2025-01-14,Pune,1085.74,4.4,33,30,Weekday,63
FD10940,C1240,Burger Town,Fast Food,2025-01-14,Pune,520.53,3.7,28,33,Weekday,61
FD10784,C1084,Spice Hub,Indian,2025-01-15,Hyderabad,393.17,4.5,11,20,Weekday,31
FD10142,C1142,Urban Tadka,Indian,2025-01-15,Chennai,317.89,3.8,29,23,Weekday,52
FD10841,C1141,South Express,South Indian,2025-01-15,Hyderabad,203.15,3.6,23,39,Weekday,62
FD10167,C1167,Sweet Treats,Desserts,2025-01-15,Chennai,320.54,3.9,15,40,Weekday,55
FD10810,C1110,Urban Tadka,Indian,2025-01-15,Delhi,1072.49,3.7,13,42,Weekday,55
FD10818,C1118,South Express,South Indian,2025-01-15,Hyderabad,268.61,4.4,22,15,Weekday,37
FD10544,C1194,Sweet Treats,Desserts,2025-01-15,Pune,645.08,4.4,26,37,Weekday,63
FD10551,C1201,Sweet Treats,Desserts,2025-01-16,Mumbai,445.17,4.4,20,15,Weekday,35
FD10511,C1161,South Express,South Indian,2025-01-16,Pune,803.28,3.9,29,29,Weekday,58
FD10569,C1219,Green Bowl,Healthy,2025-01-16,Chennai,1200.0,3.6,22,25,Weekday,47
FD10255,C1255,Wok & Roll,Chinese,2025-01-17,Mumbai,412.62,4.4,30,37,Weekday,67
FD10843,C1143,Sweet Treats,Desserts,2025-01-17,Hyderabad,644.66,4.1,23,39,Weekday,62
FD10467,C1117,Green Bowl,Healthy,2025-01-17,Delhi,533.78,4.3,29,22,Weekday,51
FD10487,C1137,South Express,South Indian,2025-01-17,Hyderabad,1146.6,3.4,10,17,Weekday,27
FD10734,C1034,Pizza Point,Italian,2025-01-17,Mumbai,576.21,4.3,26,37,Weekday,63
FD10411,C1061,Punjabi Zaika,North Indian,2025-01-17,Mumbai,656.91,5.0,17,26,Weekday,43
FD10071,C1071,Burger Town,Fast Food,2025-01-17,Bangalore,511.17,4.7,20,26,Weekday,46
FD10531,C1181,Sweet Treats,Desserts,2025-01-17,Pune,732.35,3.9,29,52,Weekday,81
FD10752,C1052,Punjabi Zaika,North Indian,2025-01-17,Pune,628.94,3.7,31,29,Weekday,60
FD10561,C1211,Green Bowl,Healthy,2025-01-18,Bangalore,592.31,4.0,34,25,Weekend,59
FD10858,C1158,South Express,South Indian,2025-01-18,Mumbai,840.52,5.0,24,30,Weekend,54
FD10817,C1117,Burger Town,Fast Food,2025-01-18,Pune,583.48,4.2,10,30,Weekend,40
FD10298,C1298,Punjabi Zaika,North Indian,2025-01-18,Pune,857.47,4.4,30,16,Weekend,46
FD10297,C1297,South Express,South Indian,2025-01-19,Pune,434.11,4.8,35,24,Weekend,59
FD10038,C1038,Sweet Treats,Desserts,2025-01-19,Hyderabad,362.87,4.3,26,20,Weekend,46
FD10483,C1133,Punjabi Zaika,North Indian,2025-01-19,Bangalore,304.39,4.6,33,25,Weekend,58
FD10632,C1282,Pizza Point,Italian,2025-01-20,Chennai,535.85,3.6,28,52,Weekday,80
FD10371,C1021,Pizza Point,Italian,2025-01-20,Pune,541.05,5.0,34,38,Weekday,72
FD10982,C1282,Punjabi Zaika,North Indian,2025-01-20,Pune,444.47,3.3,31,39,Weekday,70
FD10039,C1039,Urban Tadka,Indian,2025-01-20,Bangalore,549.02,4.7,16,27,Weekday,43
FD10799,C1099,South Express,South Indian,2025-01-21,Delhi,581.89,3.9,27,24,Weekday,51
FD10857,C1157,Sweet Treats,Desserts,2025-01-21,Bangalore,955.07,4.7,23,32,Weekday,55
FD10758,C1058,Cafe Aroma,Cafe,2025-01-22,Bangalore,669.18,5.0,27,28,Weekday,55
FD10394,C1044,Food Junction,Indian,2025-01-22,Chennai,1025.81,4.3,33,28,Weekday,61
FD10933,C1233,Green Bowl,Healthy,2025-01-22,Bangalore,351.92,3.9,31,19,Weekday,50
FD10748,C1048,The Biryani House,Biryani,2025-01-22,Pune,856.15,4.2,31,26,Weekday,57
FD10794,C1094,Pizza Point,Italian,2025-01-22,Pune,444.31,4.1,30,31,Weekday,61
FD10715,C1015,Punjabi Zaika,North Indian,2025-01-23,Mumbai,329.15,4.0,19,40,Weekday,59
FD10126,C1126,Sweet Treats,Desserts,2025-01-23,Pune,393.44,3.5,33,31,Weekday,64
FD10192,C1192,South Express,South Indian,2025-01-23,Delhi,383.51,4.7,33,19,Weekday,52
FD10381,C1031,Spice Hub,Indian,2025-01-24,Mumbai,486.65,4.6,24,27,Weekday,51
FD10835,C1135,South Express,South Indian,2025-01-24,Delhi,545.38,4.6,15,26,Weekday,41
FD10976,C1276,Burger Town,Fast Food,2025-01-24,Pune,591.54,4.5,19,43,Weekday,62
FD10815,C1115,Food Junction,Indian,2025-01-24,Hyderabad,490.08,4.5,33,25,Weekday,58
FD10663,C1313,Spice Hub,Indian,2025-01-25,Hyderabad,462.7,3.6,14,22,Weekend,36
FD10473,C1123,South Express,South Indian,2025-01-25,Mumbai,504.17,3.6,20,19,Weekend,39
FD10247,C1247,The Biryani House,Biryani,2025-01-25,Chennai,427.78,4.0,26,31,Weekend,57
FD10392,C1042,Cafe Aroma,Cafe,2025-01-25,Delhi,738.48,4.1,21,30,Weekend,51
FD10500,C1150,Spice Hub,Indian,2025-01-25,Hyderabad,909.75,3.6,10,27,Weekend,37
FD10814,C1114,Burger Town,Fast Food,2025-01-25,Bangalore,1136.21,4.4,13,15,Weekend,28
FD10261,C1261,The Biryani House,Biryani,2025-01-25,Hyderabad,715.14,4.1,17,34,Weekend,51
FD10945,C1245,Wok & Roll,Chinese,2025-01-25,Delhi,632.19,3.6,35,44,Weekend,79
FD10777,C1077,Pizza Point,Italian,2025-01-26,Bangalore,596.13,3.4,16,26,Weekend,42
FD10182,C1182,Punjabi Zaika,North Indian,2025-01-26,Mumbai,901.32,4.8,33,34,Weekend,67
FD10507,C1157,South Express,South Indian,2025-01-26,Pune,393.83,4.4,28,43,Weekend,71
FD10514,C1164,Cafe Aroma,Cafe,2025-01-26,Hyderabad,752.11,4.1,11,20,Weekend,31
FD10029,C1029,Green Bowl,Healthy,2025-01-26,Pune,592.2,3.7,16,23,Weekend,39
FD10442,C1092,Sweet Treats,Desserts,2025-01-26,Bangalore,799.67,2.5,27,20,Weekend,47
FD10420,C1070,Burger Town,Fast Food,2025-01-27,Bangalore,512.9,4.8,31,30,Weekday,61
FD10819,C1119,Green Bowl,Healthy,2025-01-27,Pune,521.22,4.3,13,42,Weekday,55
FD10184,C1184,Spice Hub,Indian,2025-01-27,Chennai,535.01,5.0,19,21,Weekday,40
FD10828,C1128,Spice Hub,Indian,2025-01-27,Chennai,1200.0,3.9,13,21,Weekday,34
FD10795,C1095,Pizza Point,Italian,2025-01-27,Pune,704.93,3.5,19,24,Weekday,43
FD10676,C1326,South Express,South Indian,2025-01-28,Pune,749.96,4.3,19,23,Weekday,42
FD10217,C1217,Pizza Point,Italian,2025-01-29,Mumbai,381.46,3.3,10,22,Weekday,32
FD10266,C1266,The Biryani House,Biryani,2025-01-29,Pune,284.66,4.6,26,20,Weekday,46
FD10361,C1011,Urban Tadka,Indian,2025-01-29,Chennai,855.76,4.2,24,23,Weekday,47
FD10779,C1079,Punjabi Zaika,North Indian,2025-01-29,Pune,595.99,4.0,10,28,Weekday,38
FD10443,C1093,Pizza Point,Italian,2025-01-29,Pune,358.2,3.7,14,20,Weekday,34
FD10763,C1063,Food Junction,Indian,2025-01-29,Pune,560.61,5.0,35,34,Weekday,69
FD10397,C1047,Food Junction,Indian,2025-01-29,Pune,329.81,4.0,20,26,Weekday,46
FD10768,C1068,Pizza Point,Italian,2025-01-29,Hyderabad,712.48,4.4,18,39,Weekday,57
FD10291,C1291,Food Junction,Indian,2025-01-29,Mumbai,421.56,3.8,22,17,Weekday,39
FD10656,C1306,Green Bowl,Healthy,2025-01-29,Delhi,611.92,4.3,13,34,Weekday,47
FD10567,C1217,South Express,South Indian,2025-01-29,Delhi,481.34,3.7,19,40,Weekday,59
FD10786,C1086,Punjabi Zaika,North Indian,2025-01-29,Hyderabad,208.3,4.1,23,22,Weekday,45
FD10102,C1102,South Express,South Indian,2025-01-30,Chennai,667.48,4.2,31,18,Weekday,49
FD10294,C1294,Pizza Point,Italian,2025-01-30,Chennai,576.86,4.5,35,31,Weekday,66
FD10213,C1213,South Express,South Indian,2025-01-31,Delhi,516.86,4.5,32,31,Weekday,63
FD10012,C1012,Burger Town,Fast Food,2025-01-31,Pune,308.95,4.5,10,32,Weekday,42
FD10422,C1072,Urban Tadka,Indian,2025-01-31,Mumbai,434.0,4.5,33,32,Weekday,65
FD10714,C1014,The Biryani House,Biryani,2025-01-31,Mumbai,991.91,4.4,11,32,Weekday,43
FD10509,C1159,Spice Hub,Indian,2025-02-01,Mumbai,405.87,4.9,14,35,Weekend,49
FD10955,C1255,Sweet Treats,Desserts,2025-02-01,Pune,246.09,3.9,28,27,Weekend,55
FD10790,C1090,South Express,South Indian,2025-02-01,Pune,557.69,4.4,14,19,Weekend,33
FD10315,C1315,Burger Town,Fast Food,2025-02-01,Bangalore,695.64,3.3,19,30,Weekend,49
FD10121,C1121,Punjabi Zaika,North Indian,2025-02-01,Pune,1069.48,4.4,28,27,Weekend,55
FD10864,C1164,Green Bowl,Healthy,2025-02-01,Pune,667.52,4.6,28,24,Weekend,52
FD10289,C1289,Sweet Treats,Desserts,2025-02-01,Delhi,578.74,3.9,16,37,Weekend,53
FD10322,C1322,Food Junction,Indian,2025-02-01,Bangalore,230.74,3.5,15,41,Weekend,56
FD10342,C1342,Cafe Aroma,Cafe,2025-02-01,Delhi,382.98,4.6,23,22,Weekend,45
FD10867,C1167,Green Bowl,Healthy,2025-02-02,Delhi,398.84,3.8,32,31,Weekend,63
FD10152,C1152,Sweet Treats,Desserts,2025-02-02,Pune,138.59,4.4,23,17,Weekend,40
FD10770,C1070,Burger Town,Fast Food,2025-02-02,Mumbai,371.15,3.7,35,36,Weekend,71
FD10459,C1109,Food Junction,Indian,2025-02-02,Hyderabad,1199.52,3.9,19,22,Weekend,41
FD10690,C1340,South Express,South Indian,2025-02-02,Delhi,583.36,4.0,25,45,Weekend,70
FD10890,C1190,Burger Town,Fast Food,2025-02-02,Mumbai,771.84,3.7,31,32,Weekend,63
FD10145,C1145,Green Bowl,Healthy,2025-02-02,Hyderabad,600.38,4.1,18,46,Weekend,64
FD10557,C1207,South Express,South Indian,2025-02-03,Pune,380.95,4.4,30,40,Weekday,70
FD10410,C1060,Food Junction,Indian,2025-02-03,Delhi,426.87,5.0,13,29,Weekday,42
FD10338,C1338,Spice Hub,Indian,2025-02-04,Mumbai,317.72,3.6,22,18,Weekday,40
FD10968,C1268,The Biryani House,Biryani,2025-02-04,Mumbai,778.83,4.4,11,33,Weekday,44
FD10089,C1089,Burger Town,Fast Food,2025-02-04,Chennai,903.86,4.6,28,17,Weekday,45
FD10475,C1125,Sweet Treats,Desserts,2025-02-04,Chennai,306.56,3.9,26,23,Weekday,49
FD10103,C1103,Punjabi Zaika,North Indian,2025-02-04,Hyderabad,389.1,3.9,27,35,Weekday,62
FD10245,C1245,Burger Town,Fast Food,2025-02-04,Bangalore,1019.2,3.9,14,32,Weekday,46
FD10014,C1014,The Biryani House,Biryani,2025-02-05,Hyderabad,492.02,3.9,24,29,Weekday,53
FD10440,C1090,Cafe Aroma,Cafe,2025-02-05,Bangalore,763.29,4.7,15,23,Weekday,38
FD10460,C1110,Sweet Treats,Desserts,2025-02-05,Mumbai,450.64,4.1,27,22,Weekday,49
FD10181,C1181,Sweet Treats,Desserts,2025-02-05,Pune,610.1,4.4,35,30,Weekday,65
FD10360,C1010,The Biryani House,Biryani,2025-02-05,Delhi,987.74,3.8,35,39,Weekday,74
FD10539,C1189,Spice Hub,Indian,2025-02-06,Hyderabad,779.09,3.8,30,29,Weekday,59
FD10673,C1323,Urban Tadka,Indian,2025-02-06,Mumbai,669.81,4.0,16,33,Weekday,49
FD10961,C1261,Cafe Aroma,Cafe,2025-02-06,Mumbai,468.32,3.5,32,24,Weekday,56
FD10208,C1208,Spice Hub,Indian,2025-02-06,Delhi,423.41,3.6,27,26,Weekday,53
FD10978,C1278,Spice Hub,Indian,2025-02-06,Chennai,442.85,4.3,12,26,Weekday,38
FD10048,C1048,Pizza Point,Italian,2025-02-06,Pune,496.56,3.6,25,32,Weekday,57
FD10747,C1047,Punjabi Zaika,North Indian,2025-02-06,Hyderabad,918.46,3.4,18,27,Weekday,45
FD10586,C1236,The Biryani House,Biryani,2025-02-06,Pune,1200.0,4.2,26,21,Weekday,47
FD10373,C1023,Spice Hub,Indian,2025-02-06,Hyderabad,669.53,4.4,23,39,Weekday,62
FD10596,C1246,South Express,South Indian,2025-02-06,Mumbai,743.73,4.6,24,44,Weekday,68
FD10400,C1050,Burger Town,Fast Food,2025-02-06,Delhi,495.6,4.1,12,31,Weekday,43
FD10149,C1149,Punjabi Zaika,North Indian,2025-02-07,Mumbai,572.77,5.0,28,35,Weekday,63
FD10075,C1075,Cafe Aroma,Cafe,2025-02-07,Hyderabad,221.54,4.2,24,34,Weekday,58
FD10161,C1161,Wok & Roll,Chinese,2025-02-07,Chennai,416.82,3.5,21,27,Weekday,48
FD10250,C1250,Cafe Aroma,Cafe,2025-02-07,Pune,1186.35,4.8,21,42,Weekday,63
FD10667,C1317,South Express,South Indian,2025-02-07,Pune,675.92,4.6,21,28,Weekday,49
FD10047,C1047,South Express,South Indian,2025-02-07,Mumbai,853.21,4.3,30,38,Weekday,68
FD10190,C1190,Punjabi Zaika,North Indian,2025-02-07,Hyderabad,501.91,4.8,28,40,Weekday,68
FD10722,C1022,Cafe Aroma,Cafe,2025-02-08,Hyderabad,270.24,4.6,17,31,Weekend,48
FD10729,C1029,Burger Town,Fast Food,2025-02-08,Mumbai,318.28,3.8,12,38,Weekend,50
FD10565,C1215,Urban Tadka,Indian,2025-02-08,Chennai,283.86,3.2,24,36,Weekend,60
FD10997,C1297,Pizza Point,Italian,2025-02-08,Delhi,375.76,3.6,30,15,Weekend,45
FD10135,C1135,Burger Town,Fast Food,2025-02-08,Chennai,326.85,3.3,31,37,Weekend,68
FD10783,C1083,Spice Hub,Indian,2025-02-08,Bangalore,1200.0,4.2,31,43,Weekend,74
FD10543,C1193,Pizza Point,Italian,2025-02-08,Bangalore,814.28,4.0,32,15,Weekend,47
FD10600,C1250,Spice Hub,Indian,2025-02-08,Mumbai,1105.56,4.5,25,25,Weekend,50
FD10474,C1124,Punjabi Zaika,North Indian,2025-02-08,Hyderabad,932.25,4.1,20,28,Weekend,48
FD10118,C1118,Green Bowl,Healthy,2025-02-08,Bangalore,406.47,5.0,28,33,Weekend,61
FD10450,C1100,Pizza Point,Italian,2025-02-08,Mumbai,778.25,3.3,14,34,Weekend,48
FD10466,C1116,Sweet Treats,Desserts,2025-02-09,Bangalore,473.65,4.0,19,25,Weekend,44
FD10391,C1041,Food Junction,Indian,2025-02-09,Pune,734.98,5.0,25,15,Weekend,40
FD10116,C1116,Wok & Roll,Chinese,2025-02-09,Mumbai,1200.0,4.5,26,25,Weekend,51
FD10688,C1338,Burger Town,Fast Food,2025-02-09,Pune,658.53,3.9,26,29,Weekend,55
FD10679,C1329,Green Bowl,Healthy,2025-02-09,Delhi,928.47,4.1,30,25,Weekend,55
FD10686,C1336,The Biryani House,Biryani,2025-02-09,Pune,243.9,4.8,11,25,Weekend,36
FD10218,C1218,Spice Hub,Indian,2025-02-09,Delhi,813.85,4.3,31,31,Weekend,62
FD10013,C1013,Pizza Point,Italian,2025-02-09,Pune,264.79,4.4,10,21,Weekend,31
FD10091,C1091,Food Junction,Indian,2025-02-09,Pune,767.9,4.1,16,41,Weekend,57
FD10446,C1096,Pizza Point,Italian,2025-02-09,Pune,688.96,3.9,11,27,Weekend,38
FD10662,C1312,Burger Town,Fast Food,2025-02-09,Pune,1001.26,3.6,20,41,Weekend,61
FD10408,C1058,Green Bowl,Healthy,2025-02-10,Mumbai,408.69,3.8,24,43,Weekday,67
FD10938,C1238,Green Bowl,Healthy,2025-02-10,Mumbai,890.84,4.4,31,18,Weekday,49
FD10219,C1219,Burger Town,Fast Food,2025-02-10,Mumbai,763.86,3.9,34,27,Weekday,61
FD10874,C1174,Cafe Aroma,Cafe,2025-02-10,Bangalore,313.35,4.3,15,29,Weekday,44
FD10917,C1217,Green Bowl,Healthy,2025-02-10,Delhi,597.39,3.9,21,36,Weekday,57
FD10141,C1141,Pizza Point,Italian,2025-02-11,Chennai,722.05,3.7,22,21,Weekday,43
FD10113,C1113,Urban Tadka,Indian,2025-02-11,Pune,584.2,4.6,28,28,Weekday,56
FD10472,C1122,Pizza Point,Italian,2025-02-11,Pune,319.09,4.5,19,31,Weekday,50
FD10406,C1056,Green Bowl,Healthy,2025-02-11,Bangalore,204.97,2.5,14,19,Weekday,33
FD10183,C1183,South Express,South Indian,2025-02-12,Pune,328.56,3.4,31,23,Weekday,54
FD10957,C1257,South Express,South Indian,2025-02-13,Delhi,346.03,3.5,16,20,Weekday,36
FD10485,C1135,Pizza Point,Italian,2025-02-13,Mumbai,619.19,4.7,12,25,Weekday,37
FD10032,C1032,Punjabi Zaika,North Indian,2025-02-13,Bangalore,1200.0,4.1,34,52,Weekday,86
FD10536,C1186,Food Junction,Indian,2025-02-14,Bangalore,1200.0,5.0,20,42,Weekday,62
FD10712,C1012,Urban Tadka,Indian,2025-02-14,Chennai,566.68,4.4,19,23,Weekday,42
FD10946,C1246,Sweet Treats,Desserts,2025-02-14,Mumbai,575.52,3.8,25,32,Weekday,57
FD10680,C1330,Urban Tadka,Indian,2025-02-14,Pune,791.49,3.7,28,44,Weekday,72
FD10866,C1166,Spice Hub,Indian,2025-02-14,Mumbai,571.07,4.2,31,23,Weekday,54
FD10703,C1003,Green Bowl,Healthy,2025-02-14,Bangalore,174.81,4.2,24,49,Weekday,73
FD10731,C1031,Sweet Treats,Desserts,2025-02-15,Pune,487.1,3.1,26,37,Weekend,63
FD10878,C1178,Wok & Roll,Chinese,2025-02-15,Chennai,518.7,4.2,22,27,Weekend,49
FD10602,C1252,The Biryani House,Biryani,2025-02-15,Bangalore,703.26,4.1,19,39,Weekend,58
FD10344,C1344,Cafe Aroma,Cafe,2025-02-15,Mumbai,1163.19,4.7,17,33,Weekend,50
FD10195,C1195,Wok & Roll,Chinese,2025-02-15,Delhi,906.88,4.5,35,18,Weekend,53
FD10433,C1083,Green Bowl,Healthy,2025-02-15,Delhi,610.0,4.2,28,18,Weekend,46
FD10223,C1223,Food Junction,Indian,2025-02-15,Mumbai,535.6,3.2,30,49,Weekend,79
FD10566,C1216,Punjabi Zaika,North Indian,2025-02-15,Pune,934.97,4.1,25,27,Weekend,52
FD10840,C1140,Urban Tadka,Indian,2025-02-15,Pune,590.29,4.2,32,29,Weekend,61
FD10164,C1164,Wok & Roll,Chinese,2025-02-16,Pune,341.16,4.3,25,16,Weekend,41
FD10800,C1100,Pizza Point,Italian,2025-02-16,Chennai,251.38,4.5,33,31,Weekend,64
FD10193,C1193,Cafe Aroma,Cafe,2025-02-16,Pune,958.59,4.8,14,32,Weekend,46
FD10508,C1158,The Biryani House,Biryani,2025-02-16,Delhi,366.9,4.0,24,26,Weekend,50
FD10172,C1172,Cafe Aroma,Cafe,2025-02-16,Pune,584.28,4.2,33,33,Weekend,66
FD10491,C1141,Urban Tadka,Indian,2025-02-16,Chennai,320.3,4.3,32,38,Weekend,70
FD10042,C1042,The Biryani House,Biryani,2025-02-16,Mumbai,573.67,4.4,23,31,Weekend,54
FD10365,C1015,Sweet Treats,Desserts,2025-02-16,Chennai,742.87,3.8,15,28,Weekend,43
FD10628,C1278,Pizza Point,Italian,2025-02-16,Bangalore,706.72,4.4,14,15,Weekend,29
FD10699,C1349,Spice Hub,Indian,2025-02-17,Pune,435.31,4.4,30,39,Weekday,69
FD10973,C1273,The Biryani House,Biryani,2025-02-18,Delhi,896.73,3.1,29,30,Weekday,59
FD10292,C1292,Spice Hub,Indian,2025-02-18,Delhi,330.24,3.4,17,23,Weekday,40
FD10907,C1207,Spice Hub,Indian,2025-02-18,Delhi,315.8,5.0,29,24,Weekday,53
FD10272,C1272,South Express,South Indian,2025-02-18,Chennai,510.43,3.7,22,35,Weekday,57
FD10486,C1136,Spice Hub,Indian,2025-02-18,Bangalore,625.96,4.1,31,41,Weekday,72
FD10282,C1282,Green Bowl,Healthy,2025-02-18,Bangalore,376.6,3.5,11,35,Weekday,46
FD10592,C1242,Pizza Point,Italian,2025-02-18,Delhi,844.89,4.6,35,32,Weekday,67
FD10079,C1079,Food Junction,Indian,2025-02-18,Mumbai,353.82,4.8,23,38,Weekday,61
FD10984,C1284,Cafe Aroma,Cafe,2025-02-19,Pune,624.89,4.6,33,38,Weekday,71
FD10830,C1130,Sweet Treats,Desserts,2025-02-19,Delhi,385.92,4.2,17,26,Weekday,43
FD10760,C1060,Urban Tadka,Indian,2025-02-19,Hyderabad,522.44,4.9,18,28,Weekday,46
FD10333,C1333,Burger Town,Fast Food,2025-02-20,Bangalore,321.79,4.3,26,46,Weekday,72
FD10216,C1216,Spice Hub,Indian,2025-02-20,Hyderabad,797.04,4.9,25,39,Weekday,64
FD10956,C1256,Green Bowl,Healthy,2025-02-20,Bangalore,450.49,4.7,25,25,Weekday,50
FD10438,C1088,Green Bowl,Healthy,2025-02-20,Bangalore,413.35,4.1,12,30,Weekday,42
FD10608,C1258,The Biryani House,Biryani,2025-02-21,Pune,301.04,5.0,24,38,Weekday,62
FD10954,C1254,Pizza Point,Italian,2025-02-22,Pune,501.47,4.4,33,26,Weekend,59
FD10376,C1026,Sweet Treats,Desserts,2025-02-22,Pune,813.87,3.8,21,32,Weekend,53
FD10427,C1077,South Express,South Indian,2025-02-22,Delhi,1044.55,4.7,22,25,Weekend,47
FD10825,C1125,Wok & Roll,Chinese,2025-02-22,Pune,556.78,3.8,22,31,Weekend,53
FD10238,C1238,The Biryani House,Biryani,2025-02-22,Pune,629.27,3.9,24,24,Weekend,48
FD10131,C1131,Burger Town,Fast Food,2025-02-22,Pune,367.71,4.6,14,31,Weekend,45
FD10436,C1086,Spice Hub,Indian,2025-02-23,Bangalore,394.27,4.1,34,38,Weekend,72
FD10881,C1181,Punjabi Zaika,North Indian,2025-02-23,Bangalore,889.22,5.0,17,15,Weekend,32
FD10627,C1277,The Biryani House,Biryani,2025-02-23,Mumbai,596.84,3.9,27,32,Weekend,59
FD10451,C1101,South Express,South Indian,2025-02-23,Pune,496.36,4.3,15,26,Weekend,41
FD10331,C1331,Pizza Point,Italian,2025-02-23,Delhi,439.47,3.5,35,27,Weekend,62
FD10615,C1265,Sweet Treats,Desserts,2025-02-23,Mumbai,518.92,4.2,19,28,Weekend,47
FD10009,C1009,South Express,South Indian,2025-02-24,Pune,322.99,4.0,26,25,Weekday,51
FD10312,C1312,Burger Town,Fast Food,2025-02-24,Delhi,279.7,4.0,10,20,Weekday,30
FD10555,C1205,Food Junction,Indian,2025-02-24,Chennai,1200.0,3.8,27,34,Weekday,61
FD10232,C1232,Food Junction,Indian,2025-02-24,Chennai,794.07,3.9,15,44,Weekday,59
FD10949,C1249,Cafe Aroma,Cafe,2025-02-24,Pune,647.27,4.6,32,24,Weekday,56
FD10348,C1348,Cafe Aroma,Cafe,2025-02-24,Pune,443.06,4.6,26,34,Weekday,60
FD10453,C1103,Cafe Aroma,Cafe,2025-02-24,Pune,354.64,4.9,35,31,Weekday,66
FD10490,C1140,South Express,South Indian,2025-02-24,Hyderabad,526.31,3.2,25,33,Weekday,58
FD10321,C1321,Food Junction,Indian,2025-02-24,Mumbai,428.76,4.4,31,33,Weekday,64
FD10963,C1263,Sweet Treats,Desserts,2025-02-25,Mumbai,220.88,4.8,20,24,Weekday,44
FD10458,C1108,The Biryani House,Biryani,2025-02-25,Mumbai,318.6,3.1,15,24,Weekday,39
FD10685,C1335,Green Bowl,Healthy,2025-02-25,Hyderabad,1020.2,3.6,11,28,Weekday,39
FD10328,C1328,Spice Hub,Indian,2025-02-26,Bangalore,795.81,3.7,26,38,Weekday,64
FD10241,C1241,Burger Town,Fast Food,2025-02-26,Pune,330.9,3.7,30,15,Weekday,45
FD10620,C1270,Pizza Point,Italian,2025-02-26,Delhi,429.66,3.3,29,36,Weekday,65
FD10229,C1229,Spice Hub,Indian,2025-02-26,Pune,729.35,4.1,30,32,Weekday,62
FD10421,C1071,Sweet Treats,Desserts,2025-02-26,Hyderabad,824.74,3.8,17,33,Weekday,50
FD10489,C1139,Cafe Aroma,Cafe,2025-02-26,Mumbai,629.85,4.0,31,27,Weekday,58
FD10776,C1076,Wok & Roll,Chinese,2025-02-27,Bangalore,610.01,4.3,29,41,Weekday,70
FD10932,C1232,Cafe Aroma,Cafe,2025-02-27,Bangalore,970.64,3.7,34,16,Weekday,50
FD10807,C1107,Pizza Point,Italian,2025-02-27,Bangalore,668.38,3.2,15,15,Weekday,30
FD10713,C1013,Urban Tadka,Indian,2025-02-27,Mumbai,619.92,4.6,16,19,Weekday,35
FD10525,C1175,Pizza Point,Italian,2025-02-28,Hyderabad,557.43,4.2,35,28,Weekday,63
FD10610,C1260,Punjabi Zaika,North Indian,2025-02-28,Delhi,733.94,4.6,24,31,Weekday,55
FD10385,C1035,Green Bowl,Healthy,2025-02-28,Delhi,817.35,4.4,12,46,Weekday,58
FD10504,C1154,Green Bowl,Healthy,2025-02-28,Mumbai,1200.0,4.0,18,41,Weekday,59
FD10965,C1265,Spice Hub,Indian,2025-02-28,Chennai,617.97,4.8,19,24,Weekday,43
FD10697,C1347,Punjabi Zaika,North Indian,2025-02-28,Pune,881.85,4.2,20,27,Weekday,47
FD10698,C1348,Burger Town,Fast Food,2025-02-28,Delhi,825.71,4.1,32,33,Weekday,65
FD10101,C1101,Punjabi Zaika,North Indian,2025-03-01,Chennai,1020.1,3.0,15,35,Weekend,50
FD10094,C1094,Green Bowl,Healthy,2025-03-01,Chennai,378.8,3.8,10,41,Weekend,51
FD10821,C1121,Food Junction,Indian,2025-03-01,Bangalore,585.24,4.9,27,33,Weekend,60
FD10202,C1202,Burger Town,Fast Food,2025-03-01,Mumbai,425.7,3.2,30,36,Weekend,66
FD10836,C1136,Pizza Point,Italian,2025-03-01,Mumbai,390.47,3.4,21,34,Weekend,55
FD10745,C1045,Sweet Treats,Desserts,2025-03-01,Pune,1035.49,3.9,22,29,Weekend,51
FD10674,C1324,Sweet Treats,Desserts,2025-03-01,Mumbai,427.81,3.6,13,29,Weekend,42
FD10469,C1119,Green Bowl,Healthy,2025-03-02,Chennai,266.94,3.7,25,30,Weekend,55
FD10909,C1209,Punjabi Zaika,North Indian,2025-03-02,Delhi,972.17,3.6,17,30,Weekend,47
FD10634,C1284,Green Bowl,Healthy,2025-03-02,Delhi,994.11,4.7,11,20,Weekend,31
FD10597,C1247,Punjabi Zaika,North Indian,2025-03-02,Mumbai,745.82,4.5,21,36,Weekend,57
FD10081,C1081,Sweet Treats,Desserts,2025-03-03,Pune,597.74,4.6,34,20,Weekday,54
FD10005,C1005,Pizza Point,Italian,2025-03-03,Mumbai,641.9,3.4,26,39,Weekday,65
FD10605,C1255,Wok & Roll,Chinese,2025-03-03,Delhi,422.8,3.5,29,44,Weekday,73
FD10288,C1288,The Biryani House,Biryani,2025-03-03,Bangalore,620.86,5.0,21,42,Weekday,63
FD10639,C1289,South Express,South Indian,2025-03-03,Mumbai,506.86,4.0,31,31,Weekday,62
FD10568,C1218,The Biryani House,Biryani,2025-03-03,Mumbai,470.24,4.0,21,29,Weekday,50
FD10925,C1225,The Biryani House,Biryani,2025-03-03,Bangalore,890.85,4.5,31,19,Weekday,50
FD10923,C1223,Spice Hub,Indian,2025-03-03,Bangalore,709.59,4.0,13,35,Weekday,48
FD10110,C1110,Urban Tadka,Indian,2025-03-03,Pune,391.58,4.2,18,25,Weekday,43
FD10681,C1331,South Express,South Indian,2025-03-03,Mumbai,338.11,4.4,30,30,Weekday,60
FD10493,C1143,Green Bowl,Healthy,2025-03-03,Bangalore,867.3,4.8,22,20,Weekday,42
FD10026,C1026,Pizza Point,Italian,2025-03-03,Delhi,342.66,4.3,35,44,Weekday,79
FD10743,C1043,Food Junction,Indian,2025-03-04,Bangalore,536.21,3.9,17,28,Weekday,45
FD10614,C1264,South Express,South Indian,2025-03-04,Bangalore,333.71,4.0,22,19,Weekday,41
FD10246,C1246,Pizza Point,Italian,2025-03-04,Delhi,910.02,3.9,15,17,Weekday,32
FD10307,C1307,Spice Hub,Indian,2025-03-04,Pune,575.27,4.2,32,36,Weekday,68
FD10601,C1251,Spice Hub,Indian,2025-03-04,Pune,530.39,4.6,23,32,Weekday,55
FD10849,C1149,Wok & Roll,Chinese,2025-03-04,Pune,605.95,4.9,24,38,Weekday,62
FD10127,C1127,Food Junction,Indian,2025-03-04,Pune,614.99,4.4,15,23,Weekday,38
FD10280,C1280,Food Junction,Indian,2025-03-04,Delhi,352.59,3.8,18,33,Weekday,51
FD10231,C1231,Urban Tadka,Indian,2025-03-04,Bangalore,685.86,4.6,29,34,Weekday,63
FD10068,C1068,Spice Hub,Indian,2025-03-04,Hyderabad,714.75,4.5,10,35,Weekday,45
FD10267,C1267,South Express,South Indian,2025-03-04,Pune,320.0,4.2,17,37,Weekday,54
FD10095,C1095,Punjabi Zaika,North Indian,2025-03-05,Pune,1200.0,3.3,35,32,Weekday,67
FD10046,C1046,Urban Tadka,Indian,2025-03-05,Chennai,634.39,3.8,30,15,Weekday,45
FD10813,C1113,Spice Hub,Indian,2025-03-05,Delhi,585.12,3.6,25,40,Weekday,65
FD10092,C1092,Pizza Point,Italian,2025-03-05,Pune,402.63,4.6,20,40,Weekday,60
FD10434,C1084,Green Bowl,Healthy,2025-03-05,Pune,771.65,4.8,16,24,Weekday,40
FD10859,C1159,Green Bowl,Healthy,2025-03-05,Pune,506.52,3.0,20,35,Weekday,55
FD10855,C1155,Spice Hub,Indian,2025-03-05,Delhi,511.67,3.6,32,37,Weekday,69
FD10067,C1067,Urban Tadka,Indian,2025-03-06,Chennai,746.76,3.8,24,38,Weekday,62
FD10577,C1227,Punjabi Zaika,North Indian,2025-03-06,Delhi,284.42,3.9,16,45,Weekday,61
FD10327,C1327,The Biryani House,Biryani,2025-03-06,Delhi,586.58,5.0,24,24,Weekday,48
FD10992,C1292,Pizza Point,Italian,2025-03-07,Delhi,657.76,3.6,15,34,Weekday,49
FD10017,C1017,Urban Tadka,Indian,2025-03-07,Pune,737.14,4.3,33,26,Weekday,59
FD10154,C1154,South Express,South Indian,2025-03-07,Pune,704.15,4.9,33,36,Weekday,69
FD10329,C1329,The Biryani House,Biryani,2025-03-08,Delhi,457.92,4.5,26,40,Weekend,66
FD10654,C1304,Food Junction,Indian,2025-03-08,Mumbai,268.74,3.0,29,23,Weekend,52
FD10138,C1138,Urban Tadka,Indian,2025-03-08,Pune,455.61,4.1,20,33,Weekend,53
FD10684,C1334,Sweet Treats,Desserts,2025-03-08,Pune,326.2,3.6,19,41,Weekend,60
FD10332,C1332,The Biryani House,Biryani,2025-03-08,Mumbai,508.7,4.2,22,28,Weekend,50
FD10037,C1037,Sweet Treats,Desserts,2025-03-09,Hyderabad,706.27,4.3,27,27,Weekend,54
FD10584,C1234,Spice Hub,Indian,2025-03-09,Mumbai,537.66,4.8,20,31,Weekend,51
FD10205,C1205,Burger Town,Fast Food,2025-03-09,Mumbai,1159.49,3.7,24,37,Weekend,61
FD10751,C1051,Spice Hub,Indian,2025-03-09,Hyderabad,505.15,4.1,14,30,Weekend,44
FD10173,C1173,Sweet Treats,Desserts,2025-03-09,Bangalore,328.91,4.3,21,33,Weekend,54
FD10648,C1298,Spice Hub,Indian,2025-03-09,Delhi,582.13,4.7,15,17,Weekend,32
FD10185,C1185,Spice Hub,Indian,2025-03-10,Mumbai,824.77,4.3,18,27,Weekday,45
FD10080,C1080,Green Bowl,Healthy,2025-03-10,Chennai,707.42,3.6,34,28,Weekday,62
FD10457,C1107,Burger Town,Fast Food,2025-03-10,Mumbai,889.92,3.8,32,31,Weekday,63
FD10402,C1052,Punjabi Zaika,North Indian,2025-03-11,Chennai,725.56,4.2,22,29,Weekday,51
FD10034,C1034,Wok & Roll,Chinese,2025-03-11,Delhi,735.7,3.6,32,15,Weekday,47
FD10740,C1040,Burger Town,Fast Food,2025-03-11,Pune,525.5,4.2,34,35,Weekday,69
FD10283,C1283,Urban Tadka,Indian,2025-03-12,Bangalore,361.87,5.0,10,45,Weekday,55
FD10209,C1209,Spice Hub,Indian,2025-03-13,Chennai,303.56,4.6,29,24,Weekday,53
FD10856,C1156,Burger Town,Fast Food,2025-03-13,Pune,418.86,3.0,17,36,Weekday,53
FD10117,C1117,Pizza Point,Italian,2025-03-13,Pune,581.08,4.9,30,29,Weekday,59
FD10668,C1318,Punjabi Zaika,North Indian,2025-03-13,Pune,559.45,4.1,11,30,Weekday,41
FD10524,C1174,Burger Town,Fast Food,2025-03-13,Mumbai,1018.35,3.9,23,34,Weekday,57
FD10853,C1153,Punjabi Zaika,North Indian,2025-03-13,Chennai,335.55,4.2,22,28,Weekday,50
FD10920,C1220,Cafe Aroma,Cafe,2025-03-13,Delhi,706.9,3.9,29,15,Weekday,44
FD10820,C1120,Green Bowl,Healthy,2025-03-13,Mumbai,423.78,4.1,29,28,Weekday,57
FD10330,C1330,Spice Hub,Indian,2025-03-13,Mumbai,433.16,3.9,31,35,Weekday,66
FD10097,C1097,Sweet Treats,Desserts,2025-03-13,Mumbai,473.84,3.2,30,35,Weekday,65
FD10611,C1261,Urban Tadka,Indian,2025-03-13,Mumbai,500.12,4.4,23,29,Weekday,52
FD10590,C1240,Burger Town,Fast Food,2025-03-14,Chennai,499.91,4.3,17,37,Weekday,54
FD10914,C1214,Green Bowl,Healthy,2025-03-14,Mumbai,1146.45,3.7,12,40,Weekday,52
FD10070,C1070,Food Junction,Indian,2025-03-14,Bangalore,661.08,3.3,12,29,Weekday,41
FD10465,C1115,Urban Tadka,Indian,2025-03-14,Bangalore,233.88,3.0,14,22,Weekday,36
FD10647,C1297,Sweet Treats,Desserts,2025-03-14,Hyderabad,258.59,3.9,28,33,Weekday,61
FD10488,C1138,Pizza Point,Italian,2025-03-15,Delhi,472.16,4.5,29,27,Weekend,56
FD10188,C1188,Punjabi Zaika,North Indian,2025-03-15,Bangalore,317.36,4.6,17,15,Weekend,32
FD10742,C1042,Sweet Treats,Desserts,2025-03-15,Mumbai,662.18,4.6,19,29,Weekend,48
FD10158,C1158,Pizza Point,Italian,2025-03-15,Hyderabad,429.67,4.2,25,22,Weekend,47
FD10351,C1001,Wok & Roll,Chinese,2025-03-15,Pune,461.56,3.7,12,43,Weekend,55
FD10618,C1268,Green Bowl,Healthy,2025-03-15,Pune,798.34,3.9,32,19,Weekend,51
FD10018,C1018,Cafe Aroma,Cafe,2025-03-16,Hyderabad,287.34,5.0,35,19,Weekend,54
FD10788,C1088,Spice Hub,Indian,2025-03-16,Mumbai,237.46,4.5,24,29,Weekend,53
FD10249,C1249,Cafe Aroma,Cafe,2025-03-16,Bangalore,486.71,4.2,25,16,Weekend,41
FD10004,C1004,Burger Town,Fast Food,2025-03-16,Pune,405.56,4.1,27,37,Weekend,64
FD10401,C1051,Spice Hub,Indian,2025-03-16,Pune,1027.79,4.4,13,27,Weekend,40
FD10972,C1272,Food Junction,Indian,2025-03-17,Pune,180.81,3.9,23,44,Weekday,67
FD10876,C1176,Food Junction,Indian,2025-03-17,Hyderabad,347.19,3.8,31,38,Weekday,69
FD10659,C1309,Pizza Point,Italian,2025-03-17,Bangalore,1200.0,4.7,14,28,Weekday,42
FD10415,C1065,South Express,South Indian,2025-03-17,Pune,552.06,3.9,22,25,Weekday,47
FD10088,C1088,Punjabi Zaika,North Indian,2025-03-17,Pune,663.67,4.0,19,27,Weekday,46
FD10174,C1174,Sweet Treats,Desserts,2025-03-17,Bangalore,349.56,3.6,33,31,Weekday,64
FD10052,C1052,The Biryani House,Biryani,2025-03-18,Pune,713.09,4.3,28,28,Weekday,56
FD10727,C1027,Sweet Treats,Desserts,2025-03-18,Pune,704.44,4.2,12,43,Weekday,55
FD10606,C1256,Urban Tadka,Indian,2025-03-18,Chennai,661.42,4.1,14,40,Weekday,54
FD10893,C1193,Urban Tadka,Indian,2025-03-18,Pune,478.57,4.5,31,47,Weekday,78
FD10300,C1300,Urban Tadka,Indian,2025-03-19,Hyderabad,486.82,3.8,24,30,Weekday,54
FD10083,C1083,Green Bowl,Healthy,2025-03-19,Chennai,996.01,3.9,17,44,Weekday,61
FD10108,C1108,Burger Town,Fast Food,2025-03-19,Chennai,331.8,4.2,31,16,Weekday,47
FD10341,C1341,Urban Tadka,Indian,2025-03-19,Chennai,614.62,4.5,23,46,Weekday,69
FD10027,C1027,Spice Hub,Indian,2025-03-20,Mumbai,424.61,3.1,24,20,Weekday,44
FD10827,C1127,Sweet Treats,Desserts,2025-03-20,Delhi,706.77,3.8,14,29,Weekday,43
FD10518,C1168,The Biryani House,Biryani,2025-03-20,Bangalore,253.84,4.2,24,25,Weekday,49
FD10746,C1046,Pizza Point,Italian,2025-03-20,Pune,939.62,3.1,33,27,Weekday,60
FD10020,C1020,Food Junction,Indian,2025-03-20,Pune,930.34,5.0,27,15,Weekday,42
FD10993,C1293,Punjabi Zaika,North Indian,2025-03-20,Mumbai,510.72,3.9,23,44,Weekday,67
FD10773,C1073,Spice Hub,Indian,2025-03-20,Delhi,665.58,4.2,34,24,Weekday,58
FD10693,C1343,Sweet Treats,Desserts,2025-03-21,Delhi,565.01,4.3,30,20,Weekday,50
FD10494,C1144,Urban Tadka,Indian,2025-03-21,Pune,734.33,3.9,19,17,Weekday,36
FD10880,C1180,Urban Tadka,Indian,2025-03-21,Bangalore,447.02,4.7,34,27,Weekday,61
FD10382,C1032,Urban Tadka,Indian,2025-03-22,Delhi,868.77,4.1,21,35,Weekend,56
FD10677,C1327,Wok & Roll,Chinese,2025-03-22,Mumbai,396.77,5.0,12,29,Weekend,41
FD10796,C1096,Cafe Aroma,Cafe,2025-03-22,Delhi,342.01,4.2,23,45,Weekend,68
FD10498,C1148,Sweet Treats,Desserts,2025-03-22,Pune,919.93,3.7,32,26,Weekend,58
FD10273,C1273,Food Junction,Indian,2025-03-22,Hyderabad,993.35,3.7,30,32,Weekend,62
FD10462,C1112,Urban Tadka,Indian,2025-03-22,Pune,447.78,5.0,17,38,Weekend,55
FD10526,C1176,The Biryani House,Biryani,2025-03-23,Mumbai,517.62,3.5,32,36,Weekend,68
FD10860,C1160,Urban Tadka,Indian,2025-03-23,Mumbai,1200.0,4.4,10,15,Weekend,25
FD10362,C1012,Spice Hub,Indian,2025-03-23,Mumbai,861.33,3.3,14,21,Weekend,35
FD10638,C1288,Urban Tadka,Indian,2025-03-23,Pune,727.8,3.5,13,31,Weekend,44
FD10958,C1258,Punjabi Zaika,North Indian,2025-03-23,Bangalore,391.18,4.4,28,37,Weekend,65
FD10724,C1024,South Express,South Indian,2025-03-23,Mumbai,519.93,3.6,20,32,Weekend,52
FD10495,C1145,Pizza Point,Italian,2025-03-24,Pune,397.96,4.2,12,42,Weekday,54
FD10106,C1106,Sweet Treats,Desserts,2025-03-24,Bangalore,636.05,3.8,22,43,Weekday,65
FD10929,C1229,Urban Tadka,Indian,2025-03-25,Pune,464.36,3.7,20,32,Weekday,52
FD10924,C1224,Green Bowl,Healthy,2025-03-25,Bangalore,517.85,4.3,28,23,Weekday,51
FD10575,C1225,Punjabi Zaika,North Indian,2025-03-25,Pune,391.14,3.3,24,34,Weekday,58
FD10066,C1066,Burger Town,Fast Food,2025-03-25,Pune,231.52,4.0,31,24,Weekday,55
FD10274,C1274,Burger Town,Fast Food,2025-03-25,Bangalore,609.72,3.6,32,39,Weekday,71
FD10793,C1093,Spice Hub,Indian,2025-03-25,Chennai,402.93,4.5,33,15,Weekday,48
FD10845,C1145,Cafe Aroma,Cafe,2025-03-25,Chennai,512.18,3.7,21,20,Weekday,41
FD10802,C1102,Pizza Point,Italian,2025-03-25,Delhi,449.65,3.4,11,27,Weekday,38
FD10405,C1055,South Express,South Indian,2025-03-26,Hyderabad,503.93,3.8,23,21,Weekday,44
FD10355,C1005,Sweet Treats,Desserts,2025-03-26,Pune,931.31,3.4,35,22,Weekday,57
FD10153,C1153,Urban Tadka,Indian,2025-03-27,Delhi,633.46,3.6,17,25,Weekday,42
FD10882,C1182,South Express,South Indian,2025-03-27,Mumbai,721.19,3.2,32,40,Weekday,72
FD10279,C1279,Punjabi Zaika,North Indian,2025-03-27,Pune,427.7,4.7,14,34,Weekday,48
FD10515,C1165,Pizza Point,Italian,2025-03-27,Pune,915.76,3.4,22,40,Weekday,62
FD10379,C1029,Pizza Point,Italian,2025-03-27,Chennai,413.31,3.5,28,46,Weekday,74
FD10419,C1069,Spice Hub,Indian,2025-03-27,Pune,795.01,3.7,12,44,Weekday,56
FD10942,C1242,South Express,South Indian,2025-03-28,Pune,784.57,3.7,29,37,Weekday,66
FD10320,C1320,Punjabi Zaika,North Indian,2025-03-28,Mumbai,962.59,5.0,26,29,Weekday,55
FD10416,C1066,Punjabi Zaika,North Indian,2025-03-28,Hyderabad,877.87,4.3,35,40,Weekday,75
FD10263,C1263,Green Bowl,Healthy,2025-03-29,Pune,624.81,4.0,19,27,Weekend,46
FD10603,C1253,Punjabi Zaika,North Indian,2025-03-29,Bangalore,569.63,3.6,16,25,Weekend,41
FD10340,C1340,Wok & Roll,Chinese,2025-03-29,Pune,1156.77,3.4,12,31,Weekend,43
FD10873,C1173,Food Junction,Indian,2025-03-29,Delhi,534.03,3.3,18,28,Weekend,46
FD10737,C1037,Sweet Treats,Desserts,2025-03-29,Chennai,330.59,4.3,31,25,Weekend,56
FD10852,C1152,The Biryani House,Biryani,2025-03-29,Bangalore,976.43,3.5,14,38,Weekend,52
FD10594,C1244,Spice Hub,Indian,2025-03-29,Bangalore,847.56,4.2,13,34,Weekend,47
FD10704,C1004,Sweet Treats,Desserts,2025-03-30,Hyderabad,538.27,3.2,27,45,Weekend,72
FD10646,C1296,Green Bowl,Healthy,2025-03-30,Pune,294.26,4.2,28,15,Weekend,43
FD10501,C1151,The Biryani House,Biryani,2025-03-30,Chennai,507.56,3.3,27,27,Weekend,54
FD10112,C1112,Burger Town,Fast Food,2025-03-30,Chennai,862.15,3.8,12,19,Weekend,31
FD10114,C1114,Urban Tadka,Indian,2025-03-30,Bangalore,320.3,4.7,20,25,Weekend,45
FD10900,C1200,Pizza Point,Italian,2025-03-31,Pune,735.82,4.8,10,29,Weekday,39
FD10226,C1226,Cafe Aroma,Cafe,2025-03-31,Delhi,1200.0,3.7,26,30,Weekday,56
FD10194,C1194,Burger Town,Fast Food,2025-03-31,Bangalore,746.85,3.5,12,53,Weekday,65
FD10671,C1321,Cafe Aroma,Cafe,2025-03-31,Delhi,837.03,4.4,18,45,Weekday,63
FD10248,C1248,Food Junction,Indian,2025-03-31,Mumbai,1200.0,4.5,20,24,Weekday,44
FD10044,C1044,Urban Tadka,Indian,2025-03-31,Mumbai,743.17,4.7,22,39,Weekday,61
FD10689,C1339,Punjabi Zaika,North Indian,2025-04-01,Pune,712.65,4.8,25,25,Weekday,50
FD10254,C1254,Sweet Treats,Desserts,2025-04-01,Mumbai,891.9,3.7,27,47,Weekday,74
FD10798,C1098,Pizza Point,Italian,2025-04-02,Hyderabad,643.62,5.0,14,45,Weekday,59
FD10212,C1212,Sweet Treats,Desserts,2025-04-02,Chennai,611.0,4.2,13,15,Weekday,28
FD10695,C1345,Sweet Treats,Desserts,2025-04-02,Delhi,879.91,4.1,33,23,Weekday,56
FD10922,C1222,Wok & Roll,Chinese,2025-04-02,Hyderabad,411.87,4.6,16,27,Weekday,43
FD10335,C1335,South Express,South Indian,2025-04-02,Pune,619.28,2.7,26,39,Weekday,65
FD10883,C1183,South Express,South Indian,2025-04-02,Chennai,581.56,4.8,10,38,Weekday,48
FD10547,C1197,Spice Hub,Indian,2025-04-03,Bangalore,560.51,3.9,34,37,Weekday,71
FD10832,C1132,Wok & Roll,Chinese,2025-04-03,Pune,303.09,4.5,23,29,Weekday,52
FD10325,C1325,Urban Tadka,Indian,2025-04-03,Pune,703.15,4.0,25,26,Weekday,51
FD10096,C1096,Sweet Treats,Desserts,2025-04-03,Mumbai,310.16,4.3,30,41,Weekday,71
FD10682,C1332,Urban Tadka,Indian,2025-04-03,Pune,316.27,4.0,11,31,Weekday,42
FD10613,C1263,Punjabi Zaika,North Indian,2025-04-03,Hyderabad,728.24,3.9,28,33,Weekday,61
FD10824,C1124,Urban Tadka,Indian,2025-04-03,Pune,180.05,3.9,32,15,Weekday,47
FD10969,C1269,Green Bowl,Healthy,2025-04-03,Chennai,224.48,3.2,20,29,Weekday,49
FD10006,C1006,South Express,South Indian,2025-04-04,Hyderabad,487.73,3.5,29,41,Weekday,70
FD10024,C1024,Food Junction,Indian,2025-04-04,Mumbai,432.25,4.0,17,28,Weekday,45
FD10077,C1077,The Biryani House,Biryani,2025-04-04,Pune,421.7,3.9,10,29,Weekday,39
FD10974,C1274,Cafe Aroma,Cafe,2025-04-04,Chennai,747.29,5.0,15,31,Weekday,46
FD10003,C1003,Wok & Roll,Chinese,2025-04-04,Pune,663.8,4.1,19,29,Weekday,48
FD10862,C1162,Pizza Point,Italian,2025-04-05,Chennai,1041.21,3.7,12,15,Weekend,27
FD10007,C1007,Green Bowl,Healthy,2025-04-05,Bangalore,518.71,3.6,29,19,Weekend,48
FD10178,C1178,Wok & Roll,Chinese,2025-04-05,Delhi,182.52,4.8,34,15,Weekend,49
FD10078,C1078,Cafe Aroma,Cafe,2025-04-05,Delhi,260.73,4.7,22,25,Weekend,47
FD10987,C1287,Food Junction,Indian,2025-04-06,Pune,740.78,3.3,16,15,Weekend,31
FD10750,C1050,Cafe Aroma,Cafe,2025-04-06,Bangalore,267.36,4.3,24,27,Weekend,51
FD10962,C1262,Green Bowl,Healthy,2025-04-06,Pune,644.2,4.3,23,23,Weekend,46
FD10563,C1213,Green Bowl,Healthy,2025-04-06,Mumbai,560.88,4.2,20,35,Weekend,55
FD10339,C1339,Sweet Treats,Desserts,2025-04-06,Pune,495.91,4.2,15,32,Weekend,47
FD10970,C1270,Urban Tadka,Indian,2025-04-07,Bangalore,465.2,3.7,28,20,Weekday,48
FD10159,C1159,South Express,South Indian,2025-04-07,Bangalore,461.52,4.1,17,18,Weekday,35
FD10334,C1334,Burger Town,Fast Food,2025-04-07,Delhi,605.95,4.4,15,27,Weekday,42
FD10888,C1188,Burger Town,Fast Food,2025-04-07,Pune,727.61,4.5,16,53,Weekday,69
FD10696,C1346,Spice Hub,Indian,2025-04-07,Bangalore,849.91,4.5,10,32,Weekday,42
FD10125,C1125,Burger Town,Fast Food,2025-04-07,Mumbai,778.42,3.7,28,30,Weekday,58
FD10150,C1150,Green Bowl,Healthy,2025-04-07,Pune,694.56,3.4,35,22,Weekday,57
FD10991,C1291,Cafe Aroma,Cafe,2025-04-08,Pune,399.91,4.9,35,44,Weekday,79
FD10399,C1049,Spice Hub,Indian,2025-04-08,Bangalore,779.31,4.3,10,36,Weekday,46
FD10425,C1075,Food Junction,Indian,2025-04-08,Mumbai,378.05,3.6,18,25,Weekday,43
FD10651,C1301,Burger Town,Fast Food,2025-04-08,Delhi,261.67,2.5,24,35,Weekday,59
FD10736,C1036,Green Bowl,Healthy,2025-04-08,Mumbai,419.7,4.0,11,22,Weekday,33
FD10452,C1102,The Biryani House,Biryani,2025-04-08,Bangalore,313.76,4.1,33,23,Weekday,56
FD10687,C1337,Sweet Treats,Desserts,2025-04-08,Pune,1160.74,4.8,33,16,Weekday,49
FD10481,C1131,Food Junction,Indian,2025-04-08,Mumbai,817.46,4.3,14,29,Weekday,43
FD10537,C1187,Urban Tadka,Indian,2025-04-08,Pune,302.2,4.7,20,24,Weekday,44
FD10781,C1081,Wok & Roll,Chinese,2025-04-09,Pune,788.18,3.6,13,20,Weekday,33
FD10631,C1281,South Express,South Indian,2025-04-09,Pune,713.73,4.3,22,24,Weekday,46
FD10378,C1028,The Biryani House,Biryani,2025-04-09,Mumbai,646.28,4.2,24,16,Weekday,40
FD10725,C1025,Punjabi Zaika,North Indian,2025-04-10,Bangalore,1165.55,4.6,20,21,Weekday,41
FD10950,C1250,Urban Tadka,Indian,2025-04-10,Chennai,637.65,4.3,20,23,Weekday,43
FD10051,C1051,Food Junction,Indian,2025-04-10,Pune,867.66,4.8,17,23,Weekday,40
FD10407,C1057,South Express,South Indian,2025-04-10,Mumbai,366.9,4.2,25,17,Weekday,42
FD10707,C1007,Pizza Point,Italian,2025-04-10,Mumbai,541.82,3.2,10,20,Weekday,30
FD10204,C1204,Cafe Aroma,Cafe,2025-04-10,Hyderabad,1018.59,4.7,35,36,Weekday,71
FD10069,C1069,The Biryani House,Biryani,2025-04-11,Delhi,496.49,4.1,21,23,Weekday,44
FD10801,C1101,Pizza Point,Italian,2025-04-11,Mumbai,868.37,4.1,23,15,Weekday,38
FD10224,C1224,Food Junction,Indian,2025-04-11,Bangalore,564.29,4.0,34,35,Weekday,69
FD10484,C1134,Burger Town,Fast Food,2025-04-11,Mumbai,268.97,3.6,15,42,Weekday,57
FD10650,C1300,South Express,South Indian,2025-04-11,Pune,665.18,3.7,29,25,Weekday,54
FD10480,C1130,Spice Hub,Indian,2025-04-12,Pune,633.07,3.9,28,35,Weekend,63
FD10868,C1168,Spice Hub,Indian,2025-04-12,Chennai,700.8,3.7,17,28,Weekend,45
FD10530,C1180,Spice Hub,Indian,2025-04-13,Bangalore,490.67,2.7,12,44,Weekend,56
FD10897,C1197,Urban Tadka,Indian,2025-04-13,Pune,743.89,4.3,29,20,Weekend,49
FD10574,C1224,The Biryani House,Biryani,2025-04-13,Pune,1055.18,3.3,35,20,Weekend,55
FD10899,C1199,Pizza Point,Italian,2025-04-13,Bangalore,449.16,2.7,12,15,Weekend,27
FD10915,C1215,Wok & Roll,Chinese,2025-04-13,Pune,444.35,4.2,14,32,Weekend,46
FD10393,C1043,South Express,South Indian,2025-04-13,Pune,1200.0,5.0,17,30,Weekend,47
FD10313,C1313,The Biryani House,Biryani,2025-04-13,Delhi,580.71,5.0,10,41,Weekend,51
FD10735,C1035,Burger Town,Fast Food,2025-04-14,Delhi,1041.44,4.6,25,40,Weekday,65
FD10199,C1199,Urban Tadka,Indian,2025-04-14,Pune,963.22,4.1,12,24,Weekday,36
FD10133,C1133,Urban Tadka,Indian,2025-04-14,Mumbai,755.55,4.3,29,35,Weekday,64
FD10471,C1121,Green Bowl,Healthy,2025-04-14,Pune,603.77,4.0,12,42,Weekday,54
FD10281,C1281,South Express,South Indian,2025-04-14,Pune,367.23,4.3,25,23,Weekday,48
FD10908,C1208,Pizza Point,Italian,2025-04-14,Mumbai,750.47,4.3,15,15,Weekday,30
FD10189,C1189,The Biryani House,Biryani,2025-04-14,Mumbai,572.44,4.0,19,25,Weekday,44
FD10119,C1119,South Express,South Indian,2025-04-14,Chennai,350.14,4.4,11,15,Weekday,26
FD10201,C1201,Sweet Treats,Desserts,2025-04-14,Mumbai,361.38,3.3,18,34,Weekday,52
FD10132,C1132,Pizza Point,Italian,2025-04-14,Mumbai,578.7,4.5,28,49,Weekday,77
FD10275,C1275,Spice Hub,Indian,2025-04-15,Bangalore,468.53,4.7,14,24,Weekday,38
FD10653,C1303,Punjabi Zaika,North Indian,2025-04-15,Mumbai,422.82,4.8,34,23,Weekday,57
FD10099,C1099,Punjabi Zaika,North Indian,2025-04-15,Pune,931.1,4.7,32,46,Weekday,78
FD10964,C1264,Punjabi Zaika,North Indian,2025-04-15,Pune,520.27,4.6,35,45,Weekday,80
FD10988,C1288,Wok & Roll,Chinese,2025-04-15,Delhi,367.26,4.0,13,38,Weekday,51
FD10418,C1068,The Biryani House,Biryani,2025-04-16,Pune,411.91,4.2,11,28,Weekday,39
FD10904,C1204,Cafe Aroma,Cafe,2025-04-16,Delhi,441.93,4.4,10,40,Weekday,50
FD10939,C1239,Wok & Roll,Chinese,2025-04-16,Hyderabad,382.6,4.3,20,15,Weekday,35
FD10211,C1211,The Biryani House,Biryani,2025-04-16,Mumbai,594.39,4.0,32,17,Weekday,49
FD10196,C1196,Punjabi Zaika,North Indian,2025-04-17,Pune,630.52,4.0,25,17,Weekday,42
FD10702,C1002,Cafe Aroma,Cafe,2025-04-17,Pune,830.22,3.8,35,23,Weekday,58
FD10619,C1269,Pizza Point,Italian,2025-04-17,Chennai,418.86,3.8,29,35,Weekday,64
FD10719,C1019,Spice Hub,Indian,2025-04-17,Mumbai,574.24,4.1,28,15,Weekday,43
FD10437,C1087,The Biryani House,Biryani,2025-04-17,Mumbai,246.72,4.5,25,27,Weekday,52
FD10380,C1030,South Express,South Indian,2025-04-18,Pune,224.54,5.0,20,43,Weekday,63
FD10258,C1258,The Biryani House,Biryani,2025-04-18,Pune,376.06,4.0,17,36,Weekday,53
FD10477,C1127,Spice Hub,Indian,2025-04-18,Pune,838.28,4.7,13,29,Weekday,42
FD10980,C1280,Urban Tadka,Indian,2025-04-18,Bangalore,491.86,3.6,17,15,Weekday,32
FD10553,C1203,Food Junction,Indian,2025-04-18,Hyderabad,832.72,4.3,26,28,Weekday,54
FD10542,C1192,Wok & Roll,Chinese,2025-04-18,Pune,395.39,3.9,16,28,Weekday,44
FD10535,C1185,Sweet Treats,Desserts,2025-04-18,Bangalore,645.03,4.8,12,35,Weekday,47
FD10738,C1038,The Biryani House,Biryani,2025-04-19,Bangalore,251.19,3.9,29,29,Weekend,58
FD10506,C1156,Pizza Point,Italian,2025-04-19,Pune,461.72,4.2,19,21,Weekend,40
FD10165,C1165,Urban Tadka,Indian,2025-04-19,Pune,506.52,4.0,27,15,Weekend,42
FD10463,C1113,Spice Hub,Indian,2025-04-19,Bangalore,332.23,5.0,35,15,Weekend,50
FD10398,C1048,Green Bowl,Healthy,2025-04-19,Mumbai,346.11,3.5,27,34,Weekend,61
FD10227,C1227,South Express,South Indian,2025-04-20,Hyderabad,877.62,3.6,29,30,Weekend,59
FD10861,C1161,Spice Hub,Indian,2025-04-20,Pune,626.69,4.2,30,27,Weekend,57
FD10317,C1317,Urban Tadka,Indian,2025-04-20,Bangalore,395.95,4.0,19,30,Weekend,49
FD10617,C1267,Urban Tadka,Indian,2025-04-20,Bangalore,255.62,4.1,14,47,Weekend,61
FD10200,C1200,Green Bowl,Healthy,2025-04-21,Delhi,630.14,4.9,21,15,Weekday,36
FD10143,C1143,Spice Hub,Indian,2025-04-21,Mumbai,474.08,3.7,35,31,Weekday,66
FD10926,C1226,Spice Hub,Indian,2025-04-21,Delhi,878.4,3.9,28,15,Weekday,43
FD10772,C1072,Cafe Aroma,Cafe,2025-04-21,Bangalore,485.64,4.8,19,29,Weekday,48
FD10454,C1104,The Biryani House,Biryani,2025-04-21,Chennai,457.41,3.7,23,28,Weekday,51
FD10001,C1001,South Express,South Indian,2025-04-22,Bangalore,702.0,5.0,22,35,Weekday,57
FD10357,C1007,Pizza Point,Italian,2025-04-22,Pune,385.8,4.2,32,32,Weekday,64
FD10733,C1033,Sweet Treats,Desserts,2025-04-23,Bangalore,296.57,3.1,11,23,Weekday,34
FD10040,C1040,Sweet Treats,Desserts,2025-04-23,Hyderabad,1200.0,3.9,22,22,Weekday,44
FD10303,C1303,The Biryani House,Biryani,2025-04-23,Bangalore,378.65,4.1,29,26,Weekday,55
FD10023,C1023,Cafe Aroma,Cafe,2025-04-23,Pune,479.84,3.9,23,28,Weekday,51
FD10449,C1099,Sweet Treats,Desserts,2025-04-23,Chennai,1070.36,2.9,32,33,Weekday,65
FD10304,C1304,Burger Town,Fast Food,2025-04-24,Bangalore,453.54,3.3,34,39,Weekday,73
FD10271,C1271,Burger Town,Fast Food,2025-04-24,Hyderabad,509.77,5.0,35,15,Weekday,50
FD10918,C1218,Punjabi Zaika,North Indian,2025-04-24,Hyderabad,592.68,4.1,29,23,Weekday,52
FD10387,C1037,Green Bowl,Healthy,2025-04-24,Bangalore,412.61,5.0,29,27,Weekday,56
FD10678,C1328,Green Bowl,Healthy,2025-04-24,Delhi,344.63,3.2,34,24,Weekday,58
FD10522,C1172,Green Bowl,Healthy,2025-04-25,Delhi,564.22,3.7,19,20,Weekday,39
FD10683,C1333,Food Junction,Indian,2025-04-25,Pune,451.03,3.4,29,24,Weekday,53
FD10999,C1299,Cafe Aroma,Cafe,2025-04-25,Delhi,352.34,4.7,23,39,Weekday,62
FD10441,C1091,Wok & Roll,Chinese,2025-04-25,Bangalore,683.78,3.9,27,27,Weekday,54
FD10388,C1038,Urban Tadka,Indian,2025-04-25,Delhi,396.34,3.7,13,31,Weekday,44
FD10233,C1233,Pizza Point,Italian,2025-04-25,Hyderabad,361.19,4.3,24,26,Weekday,50
FD10301,C1301,Urban Tadka,Indian,2025-04-25,Bangalore,595.6,5.0,11,23,Weekday,34
FD10179,C1179,Green Bowl,Healthy,2025-04-25,Delhi,454.26,3.9,11,40,Weekday,51
FD10894,C1194,Wok & Roll,Chinese,2025-04-26,Pune,689.8,4.1,35,42,Weekend,77
FD10789,C1089,Pizza Point,Italian,2025-04-26,Mumbai,404.63,4.8,21,27,Weekend,48
FD10527,C1177,Burger Town,Fast Food,2025-04-26,Pune,400.95,3.6,18,23,Weekend,41
FD10417,C1067,The Biryani House,Biryani,2025-04-27,Mumbai,464.06,3.7,22,30,Weekend,52
FD10850,C1150,Urban Tadka,Indian,2025-04-27,Delhi,430.47,3.6,21,15,Weekend,36
FD10519,C1169,Green Bowl,Healthy,2025-04-27,Mumbai,254.83,4.4,34,18,Weekend,52
FD10242,C1242,Wok & Roll,Chinese,2025-04-27,Pune,380.81,4.1,33,16,Weekend,49
FD10084,C1084,The Biryani House,Biryani,2025-04-27,Chennai,538.2,3.9,21,31,Weekend,52
FD10616,C1266,The Biryani House,Biryani,2025-04-27,Bangalore,557.61,4.3,30,33,Weekend,63
FD10990,C1290,Wok & Roll,Chinese,2025-04-27,Bangalore,364.37,4.0,21,40,Weekend,61
FD10022,C1022,Sweet Treats,Desserts,2025-04-28,Delhi,958.56,4.2,32,22,Weekday,54
FD10160,C1160,South Express,South Indian,2025-04-28,Mumbai,635.99,3.5,10,35,Weekday,45
FD10499,C1149,Pizza Point,Italian,2025-04-28,Hyderabad,477.62,3.8,23,41,Weekday,64
FD10036,C1036,Green Bowl,Healthy,2025-04-28,Chennai,412.34,4.6,31,22,Weekday,53
FD10757,C1057,Urban Tadka,Indian,2025-04-28,Mumbai,467.02,4.6,29,22,Weekday,51
FD10278,C1278,Punjabi Zaika,North Indian,2025-04-28,Mumbai,662.0,4.0,15,29,Weekday,44
FD10953,C1253,South Express,South Indian,2025-04-29,Mumbai,242.7,4.3,29,41,Weekday,70
FD10785,C1085,Food Junction,Indian,2025-04-29,Delhi,257.03,3.8,34,49,Weekday,83
FD10905,C1205,Pizza Point,Italian,2025-04-29,Delhi,927.52,5.0,26,25,Weekday,51
FD10369,C1019,Sweet Treats,Desserts,2025-04-29,Bangalore,184.84,4.4,13,19,Weekday,32
FD10207,C1207,The Biryani House,Biryani,2025-04-30,Delhi,651.79,4.0,32,52,Weekday,84
FD10545,C1195,Urban Tadka,Indian,2025-04-30,Chennai,357.57,4.4,11,23,Weekday,34
FD10384,C1034,Punjabi Zaika,North Indian,2025-04-30,Bangalore,671.43,4.2,26,21,Weekday,47
FD10085,C1085,Burger Town,Fast Food,2025-04-30,Pune,684.07,4.2,10,25,Weekday,35
FD10343,C1343,South Express,South Indian,2025-04-30,Pune,721.09,4.5,24,51,Weekday,75
FD10759,C1059,Food Junction,Indian,2025-04-30,Chennai,372.25,4.5,20,37,Weekday,57
FD10644,C1294,Punjabi Zaika,North Indian,2025-04-30,Pune,384.67,3.9,18,28,Weekday,46
FD10623,C1273,Punjabi Zaika,North Indian,2025-04-30,Bangalore,655.14,4.8,13,38,Weekday,51
FD10582,C1232,Burger Town,Fast Food,2025-04-30,Chennai,504.42,3.6,21,22,Weekday,43
FD10877,C1177,Wok & Roll,Chinese,2025-05-01,Mumbai,801.32,3.9,11,31,Weekday,42
FD10593,C1243,Sweet Treats,Desserts,2025-05-01,Bangalore,394.75,4.3,25,41,Weekday,66
FD10570,C1220,Pizza Point,Italian,2025-05-01,Pune,841.52,4.8,13,25,Weekday,38
FD10633,C1283,Green Bowl,Healthy,2025-05-02,Bangalore,309.32,4.5,32,41,Weekday,73
FD10414,C1064,Green Bowl,Healthy,2025-05-02,Delhi,626.72,4.4,13,47,Weekday,60
FD10214,C1214,Food Junction,Indian,2025-05-02,Pune,636.45,3.6,25,30,Weekday,55
FD10432,C1082,Cafe Aroma,Cafe,2025-05-02,Hyderabad,242.21,3.9,21,32,Weekday,53
FD10902,C1202,Sweet Treats,Desserts,2025-05-02,Pune,381.9,4.3,30,33,Weekday,63
FD10947,C1247,Food Junction,Indian,2025-05-02,Delhi,512.68,4.5,28,25,Weekday,53
FD10837,C1137,Pizza Point,Italian,2025-05-02,Delhi,332.51,4.3,25,28,Weekday,53
FD10107,C1107,Burger Town,Fast Food,2025-05-03,Pune,435.68,3.8,28,35,Weekend,63
FD10635,C1285,South Express,South Indian,2025-05-03,Mumbai,913.17,4.2,22,33,Weekend,55
FD10910,C1210,Sweet Treats,Desserts,2025-05-03,Pune,731.24,5.0,25,15,Weekend,40
FD10564,C1214,Food Junction,Indian,2025-05-03,Pune,285.55,3.5,24,37,Weekend,61
FD10655,C1305,Wok & Roll,Chinese,2025-05-03,Pune,564.82,3.6,18,47,Weekend,65
FD10157,C1157,The Biryani House,Biryani,2025-05-03,Hyderabad,541.24,3.1,27,54,Weekend,81
FD10287,C1287,Punjabi Zaika,North Indian,2025-05-03,Mumbai,326.91,3.8,21,15,Weekend,36
FD10808,C1108,Punjabi Zaika,North Indian,2025-05-04,Bangalore,800.13,3.9,13,32,Weekend,45
FD10319,C1319,Urban Tadka,Indian,2025-05-04,Pune,555.32,4.0,24,24,Weekend,48
FD10599,C1249,Punjabi Zaika,North Indian,2025-05-04,Chennai,513.34,4.3,32,38,Weekend,70
FD10666,C1316,Spice Hub,Indian,2025-05-04,Mumbai,471.19,5.0,13,35,Weekend,48
FD11000,C1300,South Express,South Indian,2025-05-05,Pune,472.41,3.2,30,33,Weekday,63
FD10358,C1008,Sweet Treats,Desserts,2025-05-05,Hyderabad,463.42,4.3,34,18,Weekday,52
FD10766,C1066,Food Junction,Indian,2025-05-05,Pune,353.12,4.1,21,22,Weekday,43
FD10645,C1295,Green Bowl,Healthy,2025-05-05,Pune,646.13,4.6,16,53,Weekday,69
FD10123,C1123,South Express,South Indian,2025-05-05,Mumbai,435.73,3.9,26,32,Weekday,58
FD10981,C1281,Green Bowl,Healthy,2025-05-06,Pune,870.27,4.0,29,22,Weekday,51
FD10049,C1049,Punjabi Zaika,North Indian,2025-05-06,Bangalore,711.42,4.6,32,43,Weekday,75
FD10554,C1204,Urban Tadka,Indian,2025-05-06,Pune,540.54,3.8,28,44,Weekday,72
FD10797,C1097,Urban Tadka,Indian,2025-05-06,Pune,403.87,3.6,23,39,Weekday,62
FD10844,C1144,Food Junction,Indian,2025-05-06,Pune,486.35,3.0,24,29,Weekday,53
FD10210,C1210,Green Bowl,Healthy,2025-05-07,Bangalore,715.95,4.0,21,46,Weekday,67
FD10937,C1237,Food Junction,Indian,2025-05-07,Mumbai,241.59,3.7,22,25,Weekday,47
FD10935,C1235,South Express,South Indian,2025-05-07,Delhi,252.01,3.2,24,15,Weekday,39
FD10927,C1227,Burger Town,Fast Food,2025-05-07,Chennai,664.5,4.5,15,25,Weekday,40
FD10404,C1054,Cafe Aroma,Cafe,2025-05-08,Pune,512.23,4.5,35,30,Weekday,65
FD10256,C1256,Cafe Aroma,Cafe,2025-05-08,Bangalore,145.94,4.9,12,34,Weekday,46
FD10386,C1036,Cafe Aroma,Cafe,2025-05-08,Hyderabad,763.82,3.0,28,15,Weekday,43
FD10309,C1309,The Biryani House,Biryani,2025-05-09,Chennai,542.16,3.8,17,34,Weekday,51
FD10364,C1014,Sweet Treats,Desserts,2025-05-09,Bangalore,760.44,4.8,29,30,Weekday,59
FD10468,C1118,South Express,South Indian,2025-05-09,Chennai,615.97,3.6,15,43,Weekday,58
FD10791,C1091,Cafe Aroma,Cafe,2025-05-10,Pune,622.21,4.7,29,29,Weekend,58
FD10435,C1085,Cafe Aroma,Cafe,2025-05-10,Chennai,571.34,4.1,19,15,Weekend,34
FD10251,C1251,Wok & Roll,Chinese,2025-05-10,Pune,1197.43,4.1,24,41,Weekend,65
FD10851,C1151,Food Junction,Indian,2025-05-10,Pune,486.99,3.8,11,54,Weekend,65
FD10368,C1018,Urban Tadka,Indian,2025-05-10,Delhi,245.76,4.0,27,18,Weekend,45
FD10176,C1176,Sweet Treats,Desserts,2025-05-10,Mumbai,317.09,3.8,23,28,Weekend,51
FD10062,C1062,Sweet Treats,Desserts,2025-05-10,Pune,406.06,4.7,10,30,Weekend,40
FD10065,C1065,Sweet Treats,Desserts,2025-05-10,Pune,1014.59,5.0,18,34,Weekend,52
FD10805,C1105,Urban Tadka,Indian,2025-05-11,Mumbai,873.92,5.0,31,30,Weekend,61
FD10011,C1011,Wok & Roll,Chinese,2025-05-11,Pune,787.19,4.3,13,19,Weekend,32
FD10966,C1266,The Biryani House,Biryani,2025-05-11,Pune,338.0,4.7,20,25,Weekend,45
FD10538,C1188,Sweet Treats,Desserts,2025-05-11,Chennai,331.06,3.9,30,33,Weekend,63
FD10314,C1314,Cafe Aroma,Cafe,2025-05-11,Pune,472.45,4.0,34,50,Weekend,84
FD10831,C1131,Pizza Point,Italian,2025-05-11,Mumbai,448.38,4.8,28,24,Weekend,52
FD10838,C1138,Food Junction,Indian,2025-05-11,Bangalore,797.26,4.1,26,18,Weekend,44
FD10476,C1126,Pizza Point,Italian,2025-05-11,Hyderabad,372.13,3.7,13,25,Weekend,38
FD10308,C1308,Burger Town,Fast Food,2025-05-12,Hyderabad,413.02,5.0,31,25,Weekday,56
FD10111,C1111,Spice Hub,Indian,2025-05-12,Chennai,565.04,3.8,26,32,Weekday,58
FD10930,C1230,The Biryani House,Biryani,2025-05-12,Chennai,1168.39,3.3,22,38,Weekday,60
FD10033,C1033,Spice Hub,Indian,2025-05-13,Mumbai,359.14,4.7,25,25,Weekday,50
FD10711,C1011,The Biryani House,Biryani,2025-05-13,Mumbai,1168.08,3.4,30,50,Weekday,80
FD10669,C1319,The Biryani House,Biryani,2025-05-13,Delhi,756.04,3.9,22,28,Weekday,50
FD10576,C1226,Pizza Point,Italian,2025-05-13,Pune,369.72,4.3,17,33,Weekday,50
FD10206,C1206,Punjabi Zaika,North Indian,2025-05-13,Bangalore,374.16,4.2,11,28,Weekday,39
FD10931,C1231,Burger Town,Fast Food,2025-05-14,Bangalore,699.09,3.8,22,22,Weekday,44
FD10021,C1021,Burger Town,Fast Food,2025-05-14,Hyderabad,652.76,2.7,22,24,Weekday,46
FD10191,C1191,Urban Tadka,Indian,2025-05-14,Hyderabad,579.43,4.2,12,15,Weekday,27
FD10055,C1055,Food Junction,Indian,2025-05-14,Hyderabad,304.06,4.4,18,26,Weekday,44
FD10771,C1071,Spice Hub,Indian,2025-05-14,Bangalore,1119.53,4.1,18,37,Weekday,55
FD10137,C1137,Wok & Roll,Chinese,2025-05-14,Mumbai,556.28,4.1,26,31,Weekday,57
FD10911,C1211,Green Bowl,Healthy,2025-05-14,Bangalore,876.21,4.3,28,35,Weekday,63
FD10423,C1073,South Express,South Indian,2025-05-14,Delhi,593.65,3.4,24,15,Weekday,39
FD10516,C1166,The Biryani House,Biryani,2025-05-15,Pune,390.08,5.0,33,31,Weekday,64
FD10324,C1324,Cafe Aroma,Cafe,2025-05-15,Bangalore,917.82,3.7,22,37,Weekday,59
FD10252,C1252,Spice Hub,Indian,2025-05-15,Hyderabad,417.44,5.0,32,29,Weekday,61
FD10971,C1271,Punjabi Zaika,North Indian,2025-05-15,Chennai,318.21,4.9,15,22,Weekday,37
FD10139,C1139,Spice Hub,Indian,2025-05-15,Bangalore,909.93,3.8,13,31,Weekday,44
FD10870,C1170,The Biryani House,Biryani,2025-05-16,Hyderabad,613.02,4.0,29,15,Weekday,44
FD10952,C1252,Punjabi Zaika,North Indian,2025-05-16,Delhi,513.79,5.0,18,29,Weekday,47
FD10028,C1028,Sweet Treats,Desserts,2025-05-16,Chennai,558.98,4.3,22,48,Weekday,70
FD10169,C1169,Green Bowl,Healthy,2025-05-16,Mumbai,772.69,3.7,18,44,Weekday,62
FD10215,C1215,Urban Tadka,Indian,2025-05-17,Pune,625.97,4.6,32,28,Weekend,60
FD10239,C1239,South Express,South Indian,2025-05-17,Pune,1018.27,4.7,23,23,Weekend,46
FD10657,C1307,Food Junction,Indian,2025-05-17,Chennai,511.05,2.9,27,15,Weekend,42
FD10521,C1171,Urban Tadka,Indian,2025-05-17,Chennai,523.9,4.1,23,28,Weekend,51
FD10375,C1025,Urban Tadka,Indian,2025-05-17,Bangalore,640.01,3.8,16,30,Weekend,46
FD10086,C1086,South Express,South Indian,2025-05-17,Mumbai,592.17,4.7,20,28,Weekend,48
FD10010,C1010,Wok & Roll,Chinese,2025-05-17,Pune,640.63,3.8,31,15,Weekend,46
FD10717,C1017,Punjabi Zaika,North Indian,2025-05-18,Delhi,412.6,4.6,13,30,Weekend,43
FD10756,C1056,Sweet Treats,Desserts,2025-05-18,Mumbai,255.98,3.7,34,31,Weekend,65
FD10060,C1060,Food Junction,Indian,2025-05-18,Delhi,402.76,3.8,32,41,Weekend,73
FD10428,C1078,Cafe Aroma,Cafe,2025-05-18,Pune,444.6,4.0,11,25,Weekend,36
FD10769,C1069,South Express,South Indian,2025-05-19,Pune,403.05,4.1,21,37,Weekday,58
FD10050,C1050,South Express,South Indian,2025-05-19,Pune,650.77,3.3,26,31,Weekday,57
FD10854,C1154,Cafe Aroma,Cafe,2025-05-19,Mumbai,404.96,4.9,29,27,Weekday,56
FD10665,C1315,The Biryani House,Biryani,2025-05-19,Bangalore,296.99,4.3,35,25,Weekday,60
FD10197,C1197,Pizza Point,Italian,2025-05-20,Pune,401.28,4.2,26,33,Weekday,59
FD10370,C1020,Punjabi Zaika,North Indian,2025-05-20,Chennai,622.44,4.0,26,15,Weekday,41
FD10041,C1041,South Express,South Indian,2025-05-20,Mumbai,453.42,3.8,27,36,Weekday,63
FD10595,C1245,South Express,South Indian,2025-05-20,Pune,293.19,3.6,31,24,Weekday,55
FD10162,C1162,The Biryani House,Biryani,2025-05-21,Pune,267.66,4.6,17,26,Weekday,43
FD10549,C1199,Green Bowl,Healthy,2025-05-21,Delhi,895.35,3.7,27,29,Weekday,56
FD10285,C1285,Sweet Treats,Desserts,2025-05-21,Hyderabad,553.19,4.1,28,17,Weekday,45
FD10944,C1244,South Express,South Indian,2025-05-21,Chennai,611.38,3.9,19,37,Weekday,56
FD10198,C1198,Spice Hub,Indian,2025-05-21,Hyderabad,724.34,4.2,24,41,Weekday,65
FD10782,C1082,Wok & Roll,Chinese,2025-05-21,Pune,492.65,4.3,33,25,Weekday,58
FD10560,C1210,Burger Town,Fast Food,2025-05-21,Chennai,455.71,4.5,15,41,Weekday,56
FD10649,C1299,Cafe Aroma,Cafe,2025-05-22,Pune,718.45,3.7,15,31,Weekday,46
FD10045,C1045,Pizza Point,Italian,2025-05-22,Pune,389.23,4.3,20,32,Weekday,52
FD10347,C1347,Urban Tadka,Indian,2025-05-22,Pune,961.27,3.7,22,33,Weekday,55
FD10581,C1231,Punjabi Zaika,North Indian,2025-05-22,Hyderabad,326.47,3.9,17,45,Weekday,62
FD10903,C1203,Green Bowl,Healthy,2025-05-23,Hyderabad,532.84,3.8,24,42,Weekday,66
FD10235,C1235,Green Bowl,Healthy,2025-05-23,Mumbai,458.97,3.6,35,37,Weekday,72
FD10073,C1073,Food Junction,Indian,2025-05-23,Chennai,371.14,4.1,25,35,Weekday,60
FD10503,C1153,Sweet Treats,Desserts,2025-05-23,Chennai,852.67,5.0,18,21,Weekday,39
FD10591,C1241,South Express,South Indian,2025-05-23,Mumbai,606.14,4.7,14,19,Weekday,33
FD10128,C1128,Spice Hub,Indian,2025-05-23,Delhi,693.38,5.0,11,39,Weekday,50
FD10295,C1295,Pizza Point,Italian,2025-05-24,Mumbai,648.62,3.4,18,31,Weekend,49
FD10345,C1345,Cafe Aroma,Cafe,2025-05-24,Bangalore,649.43,5.0,24,33,Weekend,57
FD10130,C1130,South Express,South Indian,2025-05-25,Delhi,336.74,4.5,32,35,Weekend,67
FD10512,C1162,Green Bowl,Healthy,2025-05-25,Delhi,696.72,4.3,32,27,Weekend,59
FD10823,C1123,Cafe Aroma,Cafe,2025-05-25,Delhi,974.74,3.9,12,41,Weekend,53
FD10430,C1080,Punjabi Zaika,North Indian,2025-05-25,Pune,515.99,4.4,16,20,Weekend,36
FD10640,C1290,Wok & Roll,Chinese,2025-05-25,Delhi,403.62,4.4,29,19,Weekend,48
FD10875,C1175,Pizza Point,Italian,2025-05-25,Delhi,416.35,4.4,34,34,Weekend,68
FD10755,C1055,The Biryani House,Biryani,2025-05-25,Chennai,479.79,3.2,31,31,Weekend,62
FD10959,C1259,Spice Hub,Indian,2025-05-26,Hyderabad,985.22,3.0,21,50,Weekday,71
FD10672,C1322,Sweet Treats,Desserts,2025-05-26,Mumbai,356.76,3.7,19,52,Weekday,71
FD10529,C1179,Food Junction,Indian,2025-05-26,Bangalore,416.43,3.7,23,31,Weekday,54
FD10585,C1235,Urban Tadka,Indian,2025-05-26,Pune,560.42,3.1,26,39,Weekday,65
FD10403,C1053,Wok & Roll,Chinese,2025-05-26,Hyderabad,530.88,3.7,15,37,Weekday,52
FD10115,C1115,Spice Hub,Indian,2025-05-26,Mumbai,751.45,3.2,33,25,Weekday,58
FD10804,C1104,Green Bowl,Healthy,2025-05-27,Delhi,291.46,4.5,21,31,Weekday,52
FD10356,C1006,Spice Hub,Indian,2025-05-27,Pune,655.52,3.9,26,31,Weekday,57
FD10692,C1342,Urban Tadka,Indian,2025-05-27,Pune,782.55,4.1,16,19,Weekday,35
FD10359,C1009,Urban Tadka,Indian,2025-05-27,Mumbai,699.45,3.8,11,37,Weekday,48
FD10948,C1248,Green Bowl,Healthy,2025-05-27,Mumbai,445.92,4.3,35,31,Weekday,66
FD10277,C1277,Sweet Treats,Desserts,2025-05-28,Chennai,777.78,4.1,22,39,Weekday,61
FD10839,C1139,Wok & Roll,Chinese,2025-05-28,Pune,938.42,3.1,22,29,Weekday,51
FD10977,C1277,Burger Town,Fast Food,2025-05-28,Mumbai,318.45,3.6,10,21,Weekday,31
FD10884,C1184,Wok & Roll,Chinese,2025-05-28,Delhi,543.64,4.2,29,48,Weekday,77
FD10186,C1186,Punjabi Zaika,North Indian,2025-05-28,Mumbai,628.87,4.7,35,42,Weekday,77
FD10612,C1262,Sweet Treats,Desserts,2025-05-28,Bangalore,643.64,3.9,29,27,Weekday,56
FD10461,C1111,Green Bowl,Healthy,2025-05-28,Pune,558.04,4.0,24,17,Weekday,41
FD10749,C1049,Wok & Roll,Chinese,2025-05-28,Delhi,739.2,4.2,19,43,Weekday,62
FD10366,C1016,Pizza Point,Italian,2025-05-28,Hyderabad,627.82,3.9,15,29,Weekday,44
FD10225,C1225,Sweet Treats,Desserts,2025-05-29,Mumbai,273.38,4.3,29,15,Weekday,44
FD10497,C1147,Punjabi Zaika,North Indian,2025-05-29,Hyderabad,492.63,4.9,21,20,Weekday,41
FD10444,C1094,Spice Hub,Indian,2025-05-29,Hyderabad,332.81,4.8,30,22,Weekday,52
FD10236,C1236,Cafe Aroma,Cafe,2025-05-29,Mumbai,759.25,3.9,23,25,Weekday,48
FD10093,C1093,Burger Town,Fast Food,2025-05-30,Pune,1168.23,4.4,26,25,Weekday,51
FD10896,C1196,Green Bowl,Healthy,2025-05-30,Bangalore,909.34,3.8,12,26,Weekday,38
FD10754,C1054,Pizza Point,Italian,2025-05-30,Bangalore,1115.51,3.9,22,31,Weekday,53
FD10456,C1106,South Express,South Indian,2025-05-30,Pune,926.98,3.6,13,44,Weekday,57
FD10960,C1260,South Express,South Indian,2025-05-30,Pune,325.71,4.5,24,27,Weekday,51
FD10268,C1268,The Biryani House,Biryani,2025-05-30,Mumbai,436.99,5.0,32,37,Weekday,69
FD10513,C1163,Green Bowl,Healthy,2025-05-31,Pune,757.93,4.3,34,37,Weekend,71
FD10221,C1221,Wok & Roll,Chinese,2025-05-31,Bangalore,564.25,3.4,12,29,Weekend,41
FD10059,C1059,Pizza Point,Italian,2025-05-31,Mumbai,600.17,3.6,30,32,Weekend,62
FD10354,C1004,Spice Hub,Indian,2025-05-31,Pune,531.48,3.4,31,28,Weekend,59
FD10983,C1283,Pizza Point,Italian,2025-06-01,Hyderabad,647.79,3.9,24,37,Weekend,61
FD10015,C1015,Burger Town,Fast Food,2025-06-01,Chennai,202.21,4.3,22,33,Weekend,55
FD10534,C1184,Burger Town,Fast Food,2025-06-01,Pune,374.0,4.1,19,28,Weekend,47
FD10074,C1074,Cafe Aroma,Cafe,2025-06-01,Pune,351.23,4.1,18,32,Weekend,50
FD10455,C1105,Urban Tadka,Indian,2025-06-01,Pune,284.4,3.9,21,32,Weekend,53
FD10008,C1008,Urban Tadka,Indian,2025-06-01,Chennai,873.06,3.5,22,43,Weekend,65
FD10260,C1260,Wok & Roll,Chinese,2025-06-01,Pune,605.5,4.2,12,28,Weekend,40
FD10573,C1223,Burger Town,Fast Food,2025-06-02,Delhi,788.09,4.3,11,42,Weekday,53
FD10587,C1237,Food Junction,Indian,2025-06-02,Pune,612.57,4.6,33,38,Weekday,71
FD10129,C1129,South Express,South Indian,2025-06-02,Pune,716.84,4.8,15,32,Weekday,47
FD10548,C1198,Burger Town,Fast Food,2025-06-02,Mumbai,373.32,4.3,19,33,Weekday,52
FD10842,C1142,Cafe Aroma,Cafe,2025-06-02,Delhi,511.65,3.5,16,21,Weekday,37
FD10658,C1308,Pizza Point,Italian,2025-06-02,Pune,266.87,3.8,27,35,Weekday,62
FD10607,C1257,Spice Hub,Indian,2025-06-02,Chennai,1002.02,4.0,12,29,Weekday,41
FD10413,C1063,Sweet Treats,Desserts,2025-06-02,Delhi,368.34,3.6,25,40,Weekday,65
FD10035,C1035,Wok & Roll,Chinese,2025-06-03,Hyderabad,628.88,4.1,11,43,Weekday,54
FD10895,C1195,Food Junction,Indian,2025-06-03,Delhi,310.54,2.8,25,25,Weekday,50
FD10505,C1155,Green Bowl,Healthy,2025-06-03,Bangalore,499.06,3.6,32,45,Weekday,77
FD10396,C1046,Green Bowl,Healthy,2025-06-03,Delhi,1200.0,4.2,16,17,Weekday,33
FD10109,C1109,Wok & Roll,Chinese,2025-06-03,Delhi,400.62,3.8,17,31,Weekday,48
FD10431,C1081,Green Bowl,Healthy,2025-06-03,Mumbai,913.49,3.6,33,23,Weekday,56
FD10934,C1234,Sweet Treats,Desserts,2025-06-03,Pune,1200.0,4.4,29,29,Weekday,58
FD10464,C1114,Burger Town,Fast Food,2025-06-03,Pune,472.15,3.7,18,34,Weekday,52
FD10243,C1243,Spice Hub,Indian,2025-06-03,Pune,202.32,4.2,34,47,Weekday,81
FD10269,C1269,Punjabi Zaika,North Indian,2025-06-03,Delhi,775.64,3.3,20,37,Weekday,57
FD10177,C1177,The Biryani House,Biryani,2025-06-04,Delhi,546.76,3.9,22,20,Weekday,42
FD10708,C1008,Wok & Roll,Chinese,2025-06-04,Pune,679.08,3.1,20,38,Weekday,58
FD10146,C1146,South Express,South Indian,2025-06-04,Hyderabad,1200.0,3.8,13,15,Weekday,28
FD10732,C1032,Burger Town,Fast Food,2025-06-04,Mumbai,436.93,3.7,31,26,Weekday,57
FD10151,C1151,Green Bowl,Healthy,2025-06-04,Pune,570.23,4.5,12,40,Weekday,52
FD10270,C1270,Spice Hub,Indian,2025-06-05,Bangalore,862.81,3.5,14,23,Weekday,37
FD10744,C1044,Sweet Treats,Desserts,2025-06-05,Hyderabad,604.4,3.4,10,19,Weekday,29
FD10967,C1267,Punjabi Zaika,North Indian,2025-06-05,Chennai,282.46,3.8,15,19,Weekday,34
FD10171,C1171,Pizza Point,Italian,2025-06-06,Pune,552.89,4.4,25,33,Weekday,58
FD10148,C1148,Wok & Roll,Chinese,2025-06-06,Mumbai,163.86,4.1,23,31,Weekday,54
FD10787,C1087,Urban Tadka,Indian,2025-06-06,Mumbai,447.08,3.7,11,37,Weekday,48
FD10311,C1311,Spice Hub,Indian,2025-06-06,Bangalore,440.56,3.9,24,31,Weekday,55
FD10144,C1144,Pizza Point,Italian,2025-06-06,Bangalore,569.36,4.6,26,20,Weekday,46
FD10168,C1168,Food Junction,Indian,2025-06-06,Bangalore,810.55,4.3,21,25,Weekday,46
FD10741,C1041,Green Bowl,Healthy,2025-06-07,Mumbai,578.8,3.0,19,18,Weekend,37
FD10290,C1290,Spice Hub,Indian,2025-06-07,Hyderabad,529.91,4.5,35,25,Weekend,60
FD10891,C1191,Punjabi Zaika,North Indian,2025-06-07,Mumbai,357.23,4.5,33,16,Weekend,49
FD10721,C1021,Cafe Aroma,Cafe,2025-06-07,Pune,940.37,3.2,20,25,Weekend,45
FD10572,C1222,Wok & Roll,Chinese,2025-06-07,Bangalore,949.56,3.9,31,23,Weekend,54
FD10583,C1233,Urban Tadka,Indian,2025-06-07,Bangalore,155.33,4.3,22,15,Weekend,37
FD10383,C1033,Food Junction,Indian,2025-06-07,Pune,372.33,3.9,12,26,Weekend,38
FD10558,C1208,Spice Hub,Indian,2025-06-07,Hyderabad,339.26,4.2,35,40,Weekend,75
FD10533,C1183,The Biryani House,Biryani,2025-06-08,Bangalore,562.45,4.2,11,26,Weekend,37
FD10975,C1275,Food Junction,Indian,2025-06-08,Pune,930.84,4.4,26,31,Weekend,57
FD10163,C1163,South Express,South Indian,2025-06-08,Pune,821.79,3.0,33,35,Weekend,68
FD10723,C1023,Urban Tadka,Indian,2025-06-08,Bangalore,405.63,5.0,27,36,Weekend,63
FD10642,C1292,Food Junction,Indian,2025-06-09,Hyderabad,519.39,4.5,24,40,Weekday,64
FD10887,C1187,The Biryani House,Biryani,2025-06-09,Bangalore,268.78,4.1,20,27,Weekday,47
FD10562,C1212,Green Bowl,Healthy,2025-06-09,Mumbai,142.09,3.7,21,31,Weekday,52
FD10718,C1018,Spice Hub,Indian,2025-06-09,Bangalore,775.85,3.8,21,42,Weekday,63
FD10916,C1216,Punjabi Zaika,North Indian,2025-06-09,Delhi,754.16,5.0,21,45,Weekday,66
FD10879,C1179,Wok & Roll,Chinese,2025-06-09,Delhi,614.16,4.0,14,30,Weekday,44
FD10774,C1074,Food Junction,Indian,2025-06-09,Mumbai,678.42,4.4,11,21,Weekday,32
FD10885,C1185,Cafe Aroma,Cafe,2025-06-10,Pune,380.77,4.9,21,51,Weekday,72
FD10353,C1003,Pizza Point,Italian,2025-06-10,Bangalore,943.06,3.2,14,35,Weekday,49
FD10550,C1200,Wok & Roll,Chinese,2025-06-10,Pune,762.04,4.8,31,25,Weekday,56
FD10264,C1264,Urban Tadka,Indian,2025-06-10,Bangalore,921.63,4.9,34,30,Weekday,64
FD10054,C1054,Sweet Treats,Desserts,2025-06-10,Mumbai,494.51,4.5,24,23,Weekday,47
FD10892,C1192,Urban Tadka,Indian,2025-06-10,Mumbai,1010.44,3.6,20,31,Weekday,51
FD10811,C1111,The Biryani House,Biryani,2025-06-11,Delhi,350.63,4.4,31,33,Weekday,64
FD10087,C1087,Sweet Treats,Desserts,2025-06-11,Bangalore,489.42,4.2,17,37,Weekday,54
FD10253,C1253,Punjabi Zaika,North Indian,2025-06-11,Delhi,793.87,3.8,13,39,Weekday,52
FD10337,C1337,Spice Hub,Indian,2025-06-11,Bangalore,545.55,4.6,23,27,Weekday,50
FD10318,C1318,Punjabi Zaika,North Indian,2025-06-11,Pune,353.09,4.3,30,39,Weekday,69
FD10994,C1294,Spice Hub,Indian,2025-06-11,Mumbai,474.74,4.5,21,28,Weekday,49
FD10739,C1039,Green Bowl,Healthy,2025-06-12,Hyderabad,240.58,4.5,15,45,Weekday,60
FD10812,C1112,Spice Hub,Indian,2025-06-12,Pune,702.57,4.1,23,29,Weekday,52
FD10076,C1076,Green Bowl,Healthy,2025-06-12,Pune,662.43,2.9,21,42,Weekday,63
FD10636,C1286,Green Bowl,Healthy,2025-06-12,Pune,555.09,4.4,20,43,Weekday,63
FD10147,C1147,South Express,South Indian,2025-06-13,Pune,485.79,3.9,32,27,Weekday,59
FD10448,C1098,Sweet Treats,Desserts,2025-06-13,Chennai,404.1,4.0,22,22,Weekday,44
FD10228,C1228,Pizza Point,Italian,2025-06-13,Delhi,1164.7,4.2,31,38,Weekday,69
FD10764,C1064,Green Bowl,Healthy,2025-06-13,Bangalore,535.39,3.1,34,35,Weekday,69
FD10180,C1180,South Express,South Indian,2025-06-13,Mumbai,631.16,3.5,12,31,Weekday,43
FD10989,C1289,Burger Town,Fast Food,2025-06-13,Pune,663.93,3.7,34,40,Weekday,74
FD10995,C1295,Pizza Point,Italian,2025-06-13,Bangalore,349.23,4.2,20,15,Weekday,35
FD10412,C1062,Burger Town,Fast Food,2025-06-14,Bangalore,513.13,4.0,25,25,Weekend,50
FD10104,C1104,Burger Town,Fast Food,2025-06-14,Pune,843.37,3.4,15,40,Weekend,55
FD10346,C1346,Cafe Aroma,Cafe,2025-06-14,Hyderabad,516.67,3.5,31,25,Weekend,56
FD10124,C1124,Punjabi Zaika,North Indian,2025-06-15,Hyderabad,575.07,4.3,15,23,Weekend,38
FD10809,C1109,Spice Hub,Indian,2025-06-15,Hyderabad,466.15,3.6,22,34,Weekend,56
FD10709,C1009,Sweet Treats,Desserts,2025-06-15,Pune,606.4,4.7,10,30,Weekend,40
FD10305,C1305,Cafe Aroma,Cafe,2025-06-15,Pune,1200.0,4.8,21,25,Weekend,46
FD10409,C1059,Urban Tadka,Indian,2025-06-15,Bangalore,880.8,4.3,24,37,Weekend,61
FD10374,C1024,Pizza Point,Italian,2025-06-15,Mumbai,607.13,4.4,22,20,Weekend,42
FD10863,C1163,The Biryani House,Biryani,2025-06-15,Mumbai,995.69,3.3,26,35,Weekend,61
FD10898,C1198,Urban Tadka,Indian,2025-06-15,Mumbai,487.55,3.9,23,22,Weekend,45
FD10847,C1147,Food Junction,Indian,2025-06-15,Pune,491.28,4.5,18,47,Weekend,65
FD10528,C1178,South Express,South Indian,2025-06-16,Delhi,808.66,3.3,34,39,Weekday,73
FD10296,C1296,Wok & Roll,Chinese,2025-06-17,Delhi,458.13,3.9,16,42,Weekday,58
FD10886,C1186,Burger Town,Fast Food,2025-06-17,Mumbai,420.46,4.5,32,19,Weekday,51
FD10234,C1234,Sweet Treats,Desserts,2025-06-17,Hyderabad,954.54,3.8,35,31,Weekday,66
FD10541,C1191,Urban Tadka,Indian,2025-06-17,Pune,985.39,3.2,22,44,Weekday,66
FD10424,C1074,Sweet Treats,Desserts,2025-06-17,Pune,419.42,4.5,20,33,Weekday,53
FD10694,C1344,Punjabi Zaika,North Indian,2025-06-17,Mumbai,356.06,3.8,20,28,Weekday,48
FD10064,C1064,South Express,South Indian,2025-06-17,Mumbai,551.72,3.9,29,40,Weekday,69
FD10244,C1244,Cafe Aroma,Cafe,2025-06-18,Chennai,246.51,3.4,35,23,Weekday,58
FD10621,C1271,Urban Tadka,Indian,2025-06-18,Delhi,536.29,4.8,34,15,Weekday,49
FD10700,C1350,Cafe Aroma,Cafe,2025-06-18,Bangalore,704.13,4.5,13,20,Weekday,33
FD10869,C1169,Sweet Treats,Desserts,2025-06-18,Mumbai,650.89,2.7,22,19,Weekday,41
FD10552,C1202,Sweet Treats,Desserts,2025-06-19,Pune,518.03,4.2,25,36,Weekday,61
FD10556,C1206,Urban Tadka,Indian,2025-06-19,Hyderabad,698.85,3.9,12,25,Weekday,37
FD10706,C1006,Cafe Aroma,Cafe,2025-06-19,Bangalore,1014.21,2.7,26,21,Weekday,47
FD10998,C1298,Cafe Aroma,Cafe,2025-06-19,Mumbai,698.18,4.1,14,32,Weekday,46
FD10716,C1016,Food Junction,Indian,2025-06-19,Hyderabad,346.51,4.2,33,22,Weekday,55
FD10660,C1310,Cafe Aroma,Cafe,2025-06-19,Mumbai,383.03,5.0,29,30,Weekday,59
FD10257,C1257,Urban Tadka,Indian,2025-06-20,Pune,785.13,3.3,31,32,Weekday,63
FD10540,C1190,Spice Hub,Indian,2025-06-20,Delhi,618.02,4.6,31,36,Weekday,67
FD10598,C1248,Urban Tadka,Indian,2025-06-20,Delhi,464.77,3.5,14,15,Weekday,29
FD10203,C1203,Wok & Roll,Chinese,2025-06-20,Pune,566.34,3.0,21,46,Weekday,67
FD10470,C1120,Pizza Point,Italian,2025-06-20,Chennai,274.15,5.0,33,37,Weekday,70
FD10833,C1133,Punjabi Zaika,North Indian,2025-06-21,Pune,152.03,3.5,16,44,Weekend,60
FD10377,C1027,Spice Hub,Indian,2025-06-21,Pune,437.2,4.5,32,25,Weekend,57
FD10061,C1061,The Biryani House,Biryani,2025-06-21,Pune,187.39,4.1,29,33,Weekend,62
FD10478,C1128,Green Bowl,Healthy,2025-06-21,Chennai,231.44,3.3,26,29,Weekend,55
FD10906,C1206,Cafe Aroma,Cafe,2025-06-21,Delhi,422.85,3.7,11,23,Weekend,34
FD10580,C1230,Pizza Point,Italian,2025-06-22,Pune,268.86,3.7,23,29,Weekend,52
FD10293,C1293,Sweet Treats,Desserts,2025-06-22,Pune,712.22,4.3,31,24,Weekend,55
FD10951,C1251,Urban Tadka,Indian,2025-06-22,Delhi,409.3,3.2,22,36,Weekend,58
FD10031,C1031,Sweet Treats,Desserts,2025-06-22,Bangalore,201.63,4.3,26,35,Weekend,61
FD10429,C1079,Urban Tadka,Indian,2025-06-22,Bangalore,695.79,3.5,17,39,Weekend,56
FD10175,C1175,Sweet Treats,Desserts,2025-06-22,Pune,549.01,3.8,32,27,Weekend,59
FD10829,C1129,Cafe Aroma,Cafe,2025-06-23,Delhi,477.88,4.7,30,25,Weekday,55
FD10778,C1078,Green Bowl,Healthy,2025-06-23,Delhi,1122.43,3.8,11,39,Weekday,50
FD10822,C1122,Cafe Aroma,Cafe,2025-06-23,Pune,676.25,4.4,15,32,Weekday,47
FD10901,C1201,Food Junction,Indian,2025-06-23,Pune,908.16,4.2,35,44,Weekday,79
FD10792,C1092,Sweet Treats,Desserts,2025-06-24,Bangalore,469.03,4.1,16,20,Weekday,36
FD10762,C1062,Punjabi Zaika,North Indian,2025-06-24,Pune,455.52,5.0,11,32,Weekday,43
FD10302,C1302,Urban Tadka,Indian,2025-06-24,Chennai,536.39,3.3,32,27,Weekday,59
FD10237,C1237,South Express,South Indian,2025-06-24,Mumbai,1015.03,3.8,29,23,Weekday,52
FD10523,C1173,Spice Hub,Indian,2025-06-25,Pune,724.79,4.3,34,30,Weekday,64
FD10588,C1238,Spice Hub,Indian,2025-06-25,Delhi,587.36,3.9,13,21,Weekday,34
FD10675,C1325,Cafe Aroma,Cafe,2025-06-25,Mumbai,250.52,2.8,28,16,Weekday,44
FD10349,C1349,Burger Town,Fast Food,2025-06-25,Hyderabad,848.94,4.7,30,38,Weekday,68
FD10670,C1320,The Biryani House,Biryani,2025-06-25,Pune,447.19,5.0,19,29,Weekday,48
FD10848,C1148,Food Junction,Indian,2025-06-25,Chennai,831.27,3.6,31,29,Weekday,60
FD10629,C1279,South Express,South Indian,2025-06-26,Pune,426.14,3.8,31,32,Weekday,63
FD10265,C1265,Urban Tadka,Indian,2025-06-26,Hyderabad,218.76,3.9,29,40,Weekday,69
FD10276,C1276,Wok & Roll,Chinese,2025-06-26,Pune,817.7,3.4,33,37,Weekday,70
FD10578,C1228,The Biryani House,Biryani,2025-06-26,Pune,241.01,3.6,24,24,Weekday,48
FD10985,C1285,The Biryani House,Biryani,2025-06-26,Delhi,307.52,3.7,16,25,Weekday,41
FD10637,C1287,Pizza Point,Italian,2025-06-27,Chennai,1060.91,4.1,31,17,Weekday,48
FD10921,C1221,Burger Town,Fast Food,2025-06-27,Bangalore,540.39,4.4,18,22,Weekday,40
FD10323,C1323,Food Junction,Indian,2025-06-27,Pune,608.38,4.2,12,37,Weekday,49
FD10056,C1056,Green Bowl,Healthy,2025-06-27,Delhi,253.4,4.8,29,28,Weekday,57
FD10082,C1082,Food Junction,Indian,2025-06-27,Bangalore,359.36,3.7,17,19,Weekday,36
FD10479,C1129,Green Bowl,Healthy,2025-06-28,Mumbai,507.37,4.3,18,34,Weekend,52
FD10140,C1140,Urban Tadka,Indian,2025-06-28,Mumbai,712.63,4.4,35,27,Weekend,62
FD10872,C1172,Pizza Point,Italian,2025-06-28,Pune,638.24,3.6,14,25,Weekend,39
FD10030,C1030,Cafe Aroma,Cafe,2025-06-28,Mumbai,678.42,3.8,14,32,Weekend,46
FD10775,C1075,Spice Hub,Indian,2025-06-28,Bangalore,286.14,3.9,25,20,Weekend,45
FD10134,C1134,Sweet Treats,Desserts,2025-06-28,Chennai,1200.0,4.6,13,26,Weekend,39
FD10025,C1025,Sweet Treats,Desserts,2025-06-28,Pune,524.81,3.7,17,39,Weekend,56
FD10286,C1286,Green Bowl,Healthy,2025-06-28,Pune,582.42,5.0,20,24,Weekend,44
FD10986,C1286,Green Bowl,Healthy,2025-06-28,Chennai,310.86,5.0,20,26,Weekend,46
FD10122,C1122,Sweet Treats,Desserts,2025-06-28,Bangalore,484.31,3.6,16,28,Weekend,44
FD10306,C1306,Burger Town,Fast Food,2025-06-28,Hyderabad,400.72,4.1,10,27,Weekend,37
FD10259,C1259,Sweet Treats,Desserts,2025-06-28,Pune,523.79,3.8,32,27,Weekend,59
FD10136,C1136,Cafe Aroma,Cafe,2025-06-28,Pune,622.0,4.2,35,15,Weekend,50
FD10240,C1240,Wok & Roll,Chinese,2025-06-29,Chennai,279.18,4.0,34,35,Weekend,69
FD10262,C1262,Urban Tadka,Indian,2025-06-29,Pune,474.83,4.8,27,26,Weekend,53
FD10765,C1065,Burger Town,Fast Food,2025-06-29,Hyderabad,787.27,4.2,11,28,Weekend,39
FD10166,C1166,Cafe Aroma,Cafe,2025-06-29,Mumbai,441.25,4.4,13,25,Weekend,38
FD10834,C1134,Spice Hub,Indian,2025-06-30,Bangalore,624.25,4.0,23,25,Weekday,48
FD10705,C1005,Pizza Point,Italian,2025-06-30,Chennai,400.39,4.0,21,29,Weekday,50
FD10720,C1020,Pizza Point,Italian,2025-06-30,Hyderabad,414.49,4.0,35,32,Weekday,67
FD10589,C1239,South Express,South Indian,2025-06-30,Bangalore,1055.01,3.5,30,29,Weekday,59
FD10439,C1089,Cafe Aroma,Cafe,2025-06-30,Bangalore,216.36,4.4,19,38,Weekday,57
